1,-1.18246095743295
1,1.74366935954249
0,0.643723487885624
1,-0.977297884353929
0,0.607622193173523
1,-2.61458876913704
1,-0.382415463620109
1,1.88910764703264
0,-0.113994924010094
0,-1.3369737885707
0,0.902834074242396
1,-1.97317195687358
0,1.70211091096716
0,0.847269953524454
0,-1.96530655566778
0,1.69938875022605
0,2.5207146274994
0,-0.712464606073924
1,0.227593411889884
1,-0.0949848176788763
1,0.0827857733154166
0,0.881067443474993
1,1.98135809398594
1,0.843444744917208
0,-1.65918074857684
1,-2.11878786876525
0,1.70086497242466
1,0.857078683860052
1,0.968731379810986
1,-0.527245134196665
0,1.0798760862306
1,-0.79761368873048
0,-1.47504282896653
0,0.446590941859145
1,0.0427167323313701
0,0.452447828947444
0,1.83542534125063
0,-0.00837046411372077
0,-1.03495159727518
1,-0.999294685873791
1,-2.40509402562607
0,1.60243388545728
0,-2.65173129094712
0,0.562440068416634
1,2.66379862718667
1,1.1032477684403
0,-0.609392912416598
1,-0.299102157382451
0,0.112614685688833
1,-0.351049807668885
0,-0.61470241362189
1,1.35302286360562
0,-1.94992398554523
1,2.21491032129719
0,1.84618331418473
0,1.11493866320297
1,-1.42289833888656
0,1.86859120566259
1,-3.74618358575831
0,1.05437039154401
0,0.746000973226594
1,0.0606518162404127
1,-0.884868384355114
0,1.60979694442794
1,2.17861051449718
0,1.59600091513813
1,1.50127961367022
1,0.122054552721036
1,-0.808432459130856
1,2.15089904572859
1,-0.997183138913319
1,-2.09738737654242
0,-2.72401226726196
1,-1.24717953439141
1,1.28417908680386
1,0.126564413498259
0,-0.970880046058046
1,-1.35953856057515
0,-0.994572374221329
1,-0.0510982269224764
0,-2.24669949741717
0,0.896998151491005
0,-0.800237352233447
0,-0.196269009985627
1,-0.176641486143629
1,-0.0162609487227158
0,1.53227594832097
1,0.428904517209713
0,1.25460398822183
1,-0.611287658555678
0,0.862454366908897
0,0.182132060326468
0,2.26739013120561
1,1.59218596303455
0,0.254701858796325
0,-0.815307187955299
1,-2.96789159495439
1,0.684832213486483
0,0.965486983492466
0,1.92250790987215
1,1.0145886370257
1,-1.3127238315902
1,-2.1893705802935
0,0.0912730861275171
0,0.475935948488445
1,0.358761731226387
0,1.49349666859698
0,1.97324599985712
1,0.232923815312285
0,1.20452408022423
1,-2.46902643605823
1,0.0587748161480274
1,0.554037121902599
0,1.89026164656523
0,2.12727426581459
0,1.49872965024864
0,-0.752549000165305
1,0.248076675845741
1,1.45647231504011
1,1.34795264752725
0,2.33376292989359
0,1.07649991060601
0,-1.18727959941932
1,-0.804398313714061
1,-1.04269822124233
0,0.577692709245552
0,0.402264706704603
1,0.177393279685443
1,-0.914699802844612
1,-1.13814918435055
0,0.198646583198702
0,1.62955887353102
0,-0.315490827804941
0,2.34412573942943
1,-3.03360246073433
0,0.142483419614773
1,-0.601331391234452
0,-0.0258958836815565
1,0.653167688858037
0,-1.1422492237784
0,-0.212489196603126
0,1.24728811081439
0,2.83909804629491
0,-0.989430293859527
0,-1.39473041893972
0,-0.931009175253888
0,1.26987147009683
0,-0.781296090581138
1,0.849414506187971
0,0.10653013342916
1,1.53047305807247
1,2.5177721583124
0,-0.485740117060533
1,1.85979781657367
1,-1.5906493525314
1,-0.856040518370375
1,1.30379414962247
1,1.02983456556908
1,-2.03137453602058
1,0.562241002484549
1,-0.21727056701241
1,-1.73090355299113
0,-0.518859840163108
1,-0.489248679124939
1,2.48642764525102
1,-2.88006825153142
0,1.99871363665336
0,0.726325598270682
0,1.57632560915735
1,-0.150236590885016
1,-0.29955099828064
1,-1.61511567084538
1,2.61295509487815
0,0.174226952064774
0,1.48788736631745
0,0.169589752750715
0,-1.84345684145023
0,0.462142327065279
0,0.933149636864088
0,-0.96829322646328
0,-0.0599972957160293
1,0.702982473767802
0,0.657754791414444
1,-0.863835960494296
1,-2.32228434084138
0,1.65912537603982
1,1.33011664869534
0,1.44220039505625
1,0.695681690647187
1,-1.85809160775805
1,-0.639532097945518
1,1.72430003632348
0,0.571286942904891
0,-1.98391786541683
0,0.677915092873564
1,1.22773104801304
1,0.808883610872493
1,-2.45181896104774
1,-0.440727076808914
1,1.6397545247188
1,-1.47271648868437
0,1.20541399784991
1,-0.168850010767429
1,-1.26293329235819
1,-0.459319453031939
1,-0.232696163515786
1,0.646372186328728
1,0.418537924092338
1,0.194918405191281
1,0.435196061486528
0,1.64542616396698
0,1.39689755931902
0,0.389328263371857
0,1.07604691102755
1,0.996944056393166
0,-0.965402839390253
0,-2.35053136363482
1,1.64813164153013
0,-0.555315477713888
0,-1.19938508993194
0,1.03050910622961
1,-0.0318284666802889
1,-2.23809921486693
0,1.71126488357101
0,-1.46379177134319
1,-1.23919863043687
0,-0.474050517646067
1,1.23684045862748
1,-1.77818688353614
1,-0.431145599215021
0,2.06518655818723
1,-0.119917045017735
0,2.48810241599748
1,-0.44691624361209
0,1.56123977572306
1,0.783079059920153
1,-0.665657407846591
1,1.13176400352798
1,0.194497563119393
0,-1.01547630071487
1,-0.585771971687392
0,-0.0359092291777133
0,1.46008846060781
0,1.35266726544208
0,0.225684010807946
1,1.44240328320001
0,0.702425842021912
0,-1.46989962183054
0,0.538735886143527
1,-0.0120697651643467
1,-0.408345589739745
0,0.948432444657103
1,0.927263000760653
1,2.21474631910026
1,-1.09251091808271
0,0.460895384836935
1,0.14559155927997
0,2.49225464777034
0,0.136015065245271
1,0.34366633092018
0,1.39763106038475
1,-1.35687301701817
1,-0.693389867797403
0,-0.590998333646217
0,-0.0721949300195673
0,2.62420111859406
0,0.427948280739353
0,-0.730875879010521
1,1.29168186620313
0,3.12967964489242
0,-3.16317742516218
0,-0.660363716466585
1,-0.201350851614344
1,0.147530010538982
0,1.86578674020326
0,0.529239120268859
0,-1.00094447271181
0,-0.325381886520139
0,-1.83661434890118
1,-0.811560378939119
1,0.736542079923568
0,2.86317204386639
1,-1.16486494113285
1,-0.997423613946963
0,-0.553478330288815
1,-1.18255169654971
0,0.860645927392363
0,-0.0326498294213213
0,-0.422731731336586
0,1.58594985568076
1,-0.792327069802682
0,-0.725926718587112
1,-1.22954697376773
1,-0.0480589551172017
0,1.62709304255649
1,-1.06387891693158
1,-1.24942833822964
0,2.28954267672468
1,-0.752939058390735
0,-2.13669971549864
0,1.50798591604
1,0.5902630675506
0,-0.0593031804292084
0,0.726921332406808
0,0.667370524215809
0,-1.27152716523725
1,-1.00688031943375
0,0.413678742312347
0,-0.283340762287039
1,-0.608654296762662
1,0.0945691657273101
1,1.25782768571038
1,1.28721056660972
0,3.13049140996003
1,-1.17028843965672
1,-0.174641733208484
1,2.34767929174984
0,-0.461749544820238
0,0.453525979611236
0,0.580545633961228
0,2.32486364245979
1,-1.86443777538238
0,0.206886864358363
0,0.848905114377258
0,0.52858797860006
0,1.83132918255927
0,-0.286123605253493
1,0.906761840632381
0,1.40943536327948
0,1.19213122143905
0,0.348249160375501
0,-1.19628967091219
1,-1.754841221256
0,-2.34804415405595
0,0.397325704268153
0,-0.324967610915171
0,-0.909448803965816
0,-0.259251082829323
1,-0.310183729004486
1,1.54108236622552
0,-1.31177097639149
1,-1.21061881465307
0,0.433914035706119
1,-1.12034895838724
0,2.41485363939577
0,0.955818550152525
1,0.54099200300309
1,-1.1826003348248
0,1.92462531699074
0,-0.124747427305749
1,-0.70990527412354
1,-1.20929423639276
0,-0.439589890858196
0,-1.14334144435726
0,0.155514627934714
0,-1.40504385884754
1,1.74558562519186
0,-0.361207870192391
0,-1.80484438608435
0,0.174068569122974
0,0.029940053967983
1,0.364072219816292
0,-0.607390266531435
1,-0.433216795330168
0,-1.44585993925583
0,1.24018716006894
1,0.459963437656639
0,1.50234724872969
1,-0.177947481010088
0,2.40584297313287
0,-1.56484746702606
1,-0.645272171688052
0,-1.09217868472822
1,-1.91538217240827
0,0.619174581494143
0,-1.1270939546166
0,0.281548067615327
0,-1.1201329336264
0,0.59918271092534
0,-1.40820802939352
0,1.50672787590785
0,-1.17971570302199
0,0.329956694021088
0,-1.01356233421632
1,-0.740140360386734
1,1.20925363017003
1,0.108588458724538
0,0.605552069386107
1,-0.524357339524401
0,1.18334124138525
0,0.049152820990095
0,0.879010135978492
0,1.03589123178852
1,-1.89722782564397
0,0.928911417816185
0,-0.0625863690167491
0,2.02592566617331
0,0.425863452896581
0,0.674791430774117
1,0.709714075104845
0,0.128843040552973
0,0.256914937370881
0,-0.287485278111081
0,1.22729769027916
0,0.585672896975847
0,1.01061774391629
0,0.464469924450412
1,-0.207030426167875
0,0.57820863195475
0,1.35998435627857
0,1.28518754726619
0,-0.719297880210951
0,-0.440976368319468
1,0.468621350812076
1,-0.991336336538795
1,-0.855190769045355
0,-0.999987663109499
1,-2.22745291294218
0,0.556808078301963
1,-1.27754859958924
0,0.893628585500451
1,-0.981887707430933
0,-1.23739145840776
1,1.57474299841652
0,0.594481461520733
0,-1.74518091325998
1,-2.92185430289928
1,-0.143913748139253
1,0.224935148064957
1,1.35770580765067
0,0.124160644100876
0,2.19744859060634
1,0.794550068095125
1,-1.33127700444194
1,-0.164363023910136
1,-0.33870632587039
1,2.80329826961188
1,1.41185210320723
1,1.5489040624282
1,-0.900662227169072
0,0.791986983053472
1,0.324153833205502
1,0.0569366288215972
1,-0.981445491785887
1,0.77699965021409
1,1.19044527388185
1,0.775434971520416
1,0.706839811597546
0,-0.0563486936676315
0,1.53545218426271
1,1.2191404444978
1,-0.901136628167721
0,0.215983666056319
1,-1.86014436211891
0,-1.77839872864133
0,0.287126847320748
0,0.794398242811934
0,1.60140821681352
1,-0.0769190378118506
0,2.21402819813386
0,0.196609761039174
1,1.22381019747936
0,1.81398589835813
0,-0.374249260408806
1,0.891861844764215
0,0.792166182197087
0,1.24079138619449
1,2.00464494306611
0,-0.370519467515689
0,0.622308563051669
0,0.386500089064957
0,0.712251478625513
1,-0.92280417642455
0,0.995608077000499
1,-1.30938522051566
1,0.0570723462739569
1,-0.795872125649233
1,-1.86431457973283
1,-0.730025389651802
0,-2.53622428333188
1,0.870644564574154
0,1.10251088820698
1,1.24724440037708
1,0.604731266363209
0,-0.00617052727367028
1,-1.06477035157624
0,2.26686660492379
0,1.76662493521223
0,2.4401792177606
1,-1.31276409818833
1,0.757131472706444
0,-1.22138132611756
1,-0.533990320701338
1,-0.580209072477622
0,0.511457441306091
1,0.100998286755111
0,4.55411907362123
0,-0.0860997217736955
1,1.12171452621023
0,1.6510363584094
1,-1.03408035425486
0,1.51414972317864
0,3.04801023470632
1,1.15548844602247
0,0.0677148957037266
0,-0.661167282681582
0,0.712388088527443
0,1.69532135503386
1,-0.939817491760282
1,2.20264633137651
0,1.16162284792097
0,1.14633405149964
0,-1.81782940181444
0,-0.290723871314661
0,2.0724316013704
0,1.92385505607254
1,-0.452568722095134
0,-0.452166831291442
1,-1.49176225527445
0,-1.55331887466735
1,0.0801586860039979
0,1.23117228455304
0,3.06188825082803
0,-1.35268860224729
1,-0.775675494564856
0,0.048510920844337
0,1.08608865989106
1,-0.279046529951378
0,2.12480360469013
1,-1.58580472288844
0,-0.673287904113313
0,-0.363583682219641
0,-0.0704002581521892
0,-0.781454923592015
0,-0.967584212346104
0,1.33315188323881
0,0.355567623844692
0,1.16804982193647
0,-0.917544019127993
0,1.39610607370576
0,0.218709995971105
1,-2.93679579291245
1,2.02898771592565
0,-0.686039293014708
1,-1.6346102321863
1,-0.346741819059781
1,-1.12471150216358
1,-1.02687925655369
0,0.77597042732096
1,-1.4868170545333
0,1.84231003540791
0,-2.18239467872917
1,-0.22353930848916
1,-0.395499545597766
1,1.50552000491439
1,1.82159595149296
0,-1.01509433238476
1,1.00432614706433
1,1.87897233826151
1,1.61382083902854
0,-0.328100496203114
1,-0.712426624461725
1,-0.284208517536773
1,0.511946982025014
0,2.72479195109001
1,-0.0641123598888997
0,-2.70735245449728
0,-1.82699253328579
0,-0.356371489244306
1,-2.05083986555377
0,-0.639665385862944
0,0.410569985493005
1,-2.46320137379282
0,0.240234977493783
1,-1.08554196114754
1,1.32483483014244
0,-1.44157214303989
0,0.297718042216037
1,0.502934187457922
0,-1.39859655653821
1,-1.25448062841541
1,0.48723660998474
1,0.588134550279514
0,0.200075823298242
1,-2.63175177156881
0,-0.519814004935716
1,0.937708580100945
0,2.33835491820357
1,-1.6294583969292
1,-1.47606120889184
0,-1.18850877440027
1,0.540278164594744
0,0.421424585056655
0,0.0654115907282801
1,0.212323750773784
1,-1.932754977497
1,-0.568713549612579
1,0.784460355188218
0,1.50394232658156
1,-0.51268200737422
1,0.501758814362243
1,-2.15735007036852
1,0.496872348261157
0,-0.505829696594598
0,2.75527102817633
0,2.62948287917218
0,-0.262102039915243
0,0.773790524635271
1,-0.541939250680249
1,-0.301489965796681
1,-1.96473504028332
0,-0.507551102323787
0,1.17663386520069
0,0.451763241533964
0,2.17508055689907
0,-0.789637223022366
1,0.54019685825463
1,-0.956614584656834
0,0.650184574423111
0,2.26955005935425
1,0.792224950214921
1,-0.456649380941045
0,0.876400262381749
1,-0.829520144332828
0,-0.0177053237329202
1,1.08822308965934
0,0.515950195232417
0,1.92710367819185
1,-0.261436773469029
0,0.566358320773087
1,1.94360029235144
0,-1.78532105233428
0,-1.70461908320486
0,0.583761703876818
1,2.17086271374675
0,-0.338794072223597
0,-0.201817295411995
0,0.776757288271434
1,2.10245299938943
0,2.34334309216362
1,-0.807637029663085
0,1.42944566100704
0,1.30233087517495
1,-2.28398426937268
0,1.95979361690496
0,1.48161585941999
0,1.00777997743322
0,1.63090826216649
1,-0.94816492603611
0,-1.96891803288456
1,-1.22012875185856
1,0.771144209473835
1,-1.15804547248677
0,-0.15262925576583
0,-0.0372569062100036
1,0.446382675708487
0,-0.0162871666574156
0,0.608145173113133
1,-2.61165059003665
0,2.26916421450871
0,1.00080749446117
0,-1.86906389475723
0,2.07596560439045
1,-2.40794182390766
0,-0.0819023984083472
0,2.16876522931934
1,-0.378521661324086
0,1.74549400742418
0,1.42942342140262
1,-0.882111465114578
1,0.248460378795018
0,0.863522636396605
0,1.04778044695973
0,1.94284212250003
1,1.06161594981015
0,0.10567178615348
0,-0.165087882286311
0,1.41285537454889
1,-2.0054976913773
1,-1.34150227305866
0,1.35801944089571
0,-0.468663828894772
0,0.0940250176994702
1,0.576450251681149
1,-1.3572783952905
1,1.11964105151884
1,0.625641513428919
1,-0.641055255841529
0,0.399924370321645
1,-2.05395678477188
1,0.862495563691651
0,2.34355367775189
1,-1.84510231929506
0,0.199894632319334
1,0.72089087862066
0,0.53055639053911
0,-0.507633374064892
1,0.100651415228478
0,-2.96746526279361
1,1.88482099305831
0,0.270466368535989
1,-0.971866809630947
0,-1.14914555174827
1,-1.82156329290771
0,-1.35747004001909
1,1.3647426409818
1,0.520221594503913
1,0.775483696077132
1,-1.31123358719744
0,0.680649121405733
0,0.0565717694719516
0,3.38946101173185
1,-0.794467909964878
0,1.90367927880616
0,0.339066436579294
0,-0.873716357245731
0,-0.988127512116528
1,0.483798232197437
1,-0.904294369645024
1,0.053725865214504
1,-1.49160866603318
0,1.38533302117103
0,0.657063758240686
1,-2.00942982080687
1,-2.31079693906944
1,-1.79183302259273
0,1.13079038181812
1,-0.787053296963284
1,-0.326225673091947
0,0.6668396501688
0,2.40866518013628
0,-1.85881155640243
1,-1.40489660161025
1,2.24699476480331
1,0.458498256870527
0,-1.34287285183476
1,1.72067785860947
0,-0.101193259290919
0,0.00700011667712518
0,0.996574183660483
0,0.22063544190365
0,2.24459487211042
0,1.05073446743593
0,2.47115707176147
0,1.72756609813021
1,2.2255276431077
0,-0.155745194226891
0,0.18282009187673
0,0.0491301670887757
1,-1.65245883963919
1,-1.10425619018332
0,1.83893981832209
1,-0.808216539758702
1,-0.287052778175026
1,0.848984965135566
1,-0.560390597322374
1,-1.01213427103941
0,1.1001748641461
1,-0.0402116519946164
0,1.48741362284981
1,0.851804361958665
1,-0.51777725489792
0,0.85852095465253
0,0.80021744327519
0,-0.202153639549737
1,2.34017046631918
1,0.497471485938187
1,-1.20779289098368
0,0.733660035893459
0,0.963411287308522
0,-0.588199755404855
0,1.10409635088504
0,1.90414409770743
1,-0.117949393457364
1,-2.47391941492931
1,-0.670872092086222
1,0.793144733685695
1,0.176104737438057
0,0.652055989098829
0,1.3084831669536
1,0.460540133839204
1,1.4511884318811
0,0.932169223418
1,1.47991921649566
1,-0.175225994360955
0,-1.00147197507968
0,-2.51007526865958
0,0.919367301042387
0,-0.663127253753894
0,0.610144843097818
1,-0.944389234673775
0,0.709736289555466
1,0.180173054558943
0,-1.38158862548468
1,-1.88852993347689
1,-1.27554919609727
1,2.15794912308469
0,0.707770989961592
1,-2.03025376733866
0,0.940582339384223
1,-1.71191718352739
1,0.0532126598038405
0,1.31288855494941
1,-0.297234363803052
0,-1.0673267550106
1,-0.282469518598347
1,-2.91173623772424
1,0.748865726625969
1,-2.93311755780935
0,-0.362900904555269
0,-1.59366463256616
0,1.70062530045823
1,-1.09974681528375
0,-0.83713087428722
0,0.686940854181035
0,0.130892556214944
0,1.98404970934976
1,-0.923404843479705
0,1.73378332496161
0,0.859869566602985
0,2.41214516194925
0,0.55529169166242
0,-1.43303428811425
0,0.580860386119705
0,0.608340162156712
1,-1.76008167381982
1,-0.319916362328505
1,-1.7667771790885
0,-1.53734146154882
1,0.158772165940572
1,-2.14851352588677
1,1.08013036781405
0,0.243492265457789
1,0.93569285263646
0,1.54593954283972
0,0.366455119223458
0,-0.396698686141803
0,3.50726234005404
1,-1.51783759045493
1,-0.758925443987349
1,-1.09838410122892
1,3.43232455801915
0,2.09473512891184
1,0.885699883130837
1,1.21901697264403
1,0.143905926251248
1,-1.45974297683166
0,-1.70095417440241
0,-0.278060247918688
1,-0.207566431311511
0,-2.04702633023751
1,-0.381709098652224
0,1.08706104497252
0,0.241482328034162
1,-0.884804667674889
0,2.72846685532834
1,-1.1516374039764
1,-0.0260118733038134
0,1.33524136883123
0,-1.26038822415757
1,-0.106346387349225
1,-0.881816516484364
0,1.93097315304568
1,0.586885581991424
0,1.64617639128083
1,-0.883391828795319
1,-1.73049040042666
0,-2.59930485404836
0,0.666515971780439
1,-1.57002596543199
0,0.109145947275884
0,-0.643545847143373
1,-3.04365050952277
1,0.121531021893655
0,0.726658023141668
0,1.31161414705416
0,-0.830356131143224
0,0.860000975450552
1,-1.97507905350231
0,0.538915825829961
0,1.16962864742627
1,-3.30481517582687
1,-1.69154845951064
0,2.05544333969216
1,-1.28106760420587
1,0.276780901740241
0,2.08432522280275
0,0.323599083087631
1,-0.79427158339182
0,1.37875458297973
1,-0.0953779455968164
1,-1.29698543402187
1,1.5667991104139
0,0.857595019122013
0,1.61475569711419
0,-1.79726933665039
0,0.874534820751657
0,0.154818193361741
1,-0.93214458387624
0,-0.0572435821587598
0,1.49411811428852
0,1.27246458165794
1,-0.265226223050615
0,-0.404523398051831
0,0.547449473726245
0,0.530385698160078
0,0.832645127727676
0,-0.374436752572553
1,1.09630803851151
1,-0.143907576826655
0,1.67201246871323
1,-0.468149981327132
0,-1.25377125288712
0,0.941680719169949
0,1.62935726728529
0,1.08075456685038
1,-0.298907174160161
0,-1.69434678288937
1,-1.38019458855489
0,2.48331318886848
1,-0.576835532659395
0,1.20050995502189
1,-0.317342082561933
0,-0.251034278809378
1,-1.53103716906755
1,-0.728173248949738
1,0.360849431931868
0,1.65288485163516
0,0.554162402541248
0,0.849865164575505
0,2.17714011830431
0,0.6936947760482
1,-1.3716368617352
0,0.804577207893441
1,-0.49709420329922
1,0.0869826111247467
1,-0.838740746614781
1,1.50393539930368
1,0.49149543026077
0,1.31201870327297
0,-1.05601582718142
1,1.72212990102429
1,-1.07134831342414
0,1.0349257710998
1,-1.07634771823034
1,1.66379853582348
0,1.00126836623763
0,-0.859942015736268
1,0.793865354073539
1,0.922460849356036
0,-2.19740960949616
0,2.07807975307354
1,0.525665692421018
0,0.294690102944253
0,1.442552417323
1,-0.545565640637683
0,3.49065990447144
1,-1.43376084123785
1,2.42253789042383
1,-2.22532987275261
0,0.634024824650108
1,-1.06242027871093
1,-0.915035129274075
1,1.20145383185639
1,-1.18238626175634
1,-2.22843816519207
1,-0.604356746524531
1,2.38670145768715
1,-1.03709168280433
0,-0.0532796706597357
1,0.92144611179305
0,0.826978351603789
1,-1.38460774207327
1,-0.289251803760727
0,1.79818779182565
1,0.170210602758658
0,-1.05724953389334
1,-1.12231944834682
1,0.799108791346546
0,1.09279955650458
0,1.89422840761922
1,0.264871526774867
0,1.05544143281427
0,-0.863687437386506
0,1.1242806892314
0,-0.268523582204331
0,-0.950574652545993
1,0.62773720772174
1,-1.32549869893024
0,-0.0617076726196562
1,-1.44276080931256
0,1.42691055905433
1,-0.503243301810951
0,2.05598913114141
1,-0.303809569022693
1,-0.645101413375674
0,-0.464872537629838
1,-0.508469229746872
0,-0.0365670160125044
0,-0.226494703969003
1,-1.43504064753195
1,-1.13282250408471
0,1.9561377409573
0,-1.35443080200699
0,-1.10074924796006
1,2.00143091022166
0,3.61821912107243
1,-2.13995322177602
1,0.355455742198333
0,3.05814682080193
1,-0.727623266115346
1,-2.31747163860761
0,1.25399062539686
0,0.133953072656788
0,1.34732785877113
0,-1.11741635255083
0,-1.29023997179799
1,-2.09816267828943
1,0.997513920054437
0,0.913911261250267
0,-0.877855615640307
0,1.17969168604834
1,0.714034140986015
0,-1.5039856176603
1,0.469765913835397
1,-0.12923891798717
0,-0.901783337148067
0,0.57421361231311
1,-0.969217034794825
0,0.334016493289805
1,1.90902382052711
1,-2.84930584644
0,1.47674379545054
0,0.896519244938197
1,-0.125281613637423
1,0.477238512228065
0,-0.938387562751673
1,0.407079699373619
0,-0.573376024062078
1,0.293414291240053
0,0.367246810728802
0,-0.334212216572456
1,-0.0747945306603807
0,-0.210093346523093
0,-0.298884055987712
0,-0.022670675550299
1,1.2066144776654
0,-0.634341854322282
1,0.965948256827108
0,0.887587715930681
0,1.76265591840758
1,-1.17148965551945
1,-1.37112248219597
1,-2.84133695500466
0,0.948674532111851
0,0.86529686946233
1,1.31394526009206
0,2.05594876824245
0,2.98838087641924
1,0.374249268603568
1,-1.5327155552454
1,2.48297037191139
0,1.50156602208628
0,-0.924730475950853
1,-0.402428273239075
1,-0.529339155406127
1,0.990776122218706
1,-0.986361490624537
1,-0.0548476190192523
0,0.144455726063151
1,0.873475217161352
1,-0.363100445617489
0,0.0857731918731978
1,3.15836418338052
0,1.15174009974807
1,1.09101231402224
0,-0.398261172389203
0,1.4378552977443
1,-2.7315517280493
0,1.42045400515268
1,-1.07326697469583
0,2.49594621864392
0,2.16888189296597
1,-0.0186639720284491
0,2.64932348835794
0,0.814095448695781
0,1.70488212165551
0,-0.679448218621439
0,-1.64139559770606
1,-2.08029724264361
1,0.40037458702587
1,-0.18393046736802
0,0.092017001236497
0,0.785744133600769
1,-1.6393709899241
1,-0.157581255795486
1,0.834820785710834
0,-1.44742372149893
1,-0.710398583508585
0,-0.357217977805926
0,1.89774081375366
0,-1.96931574190768
0,0.290968853095117
0,1.38027333318351
0,0.680048135241373
0,0.337950868264435
0,1.00709933592131
0,-0.343813545216111
1,0.353521186031409
0,2.0624085388587
0,-0.773488666097962
0,-0.118292297884109
0,0.369604390100298
0,0.395544327538231
0,-0.927612414711229
0,1.91441911915678
0,-0.407473754938192
0,1.79401943266963
1,-0.0966376072115199
0,-1.10835913662146
1,-0.764942486309384
0,1.25710168394191
0,1.19797168845618
1,-3.25186501304283
1,-1.05448688943829
0,0.698696838049884
1,-1.11900278846434
0,-0.669310802427939
0,-0.838811011291423
1,1.11819239076003
1,-1.45690556717723
0,-0.762104016065605
0,3.00956932628197
0,1.01681480839729
0,1.34987612828376
0,1.13097740975524
0,0.185901853335892
0,1.49768623407592
1,1.11131353362473
0,-0.899929906083492
0,1.74204602125619
1,-0.105584027701628
1,0.356415993477826
0,1.59370478672203
0,-1.85562328609016
1,0.330949832221289
0,1.29614230210071
1,2.11554919813398
1,1.89264925768688
1,-0.676853298349874
0,2.30982406395755
1,0.200734136928479
0,-0.188273280145005
0,1.06064559507616
0,1.98802113655362
0,-0.976611139797608
1,3.20915947940627
1,1.61547143170348
0,1.97435820026925
0,-0.117953175350331
1,-0.380351064097011
0,0.111447656739533
1,0.750115993818187
1,-2.03406139192779
0,-2.01186162330385
0,1.29710326498493
0,0.461528765959489
0,1.57316656913252
1,3.35615979699522
1,0.971052096010432
0,0.360920208142043
1,1.06014353778633
1,-0.919624112881511
1,-0.304091595596124
0,1.96859547485308
1,-1.58926968200865
0,1.41088550320847
1,0.256422766315609
0,0.47875265450817
1,-0.014064707351375
1,0.253324988937735
1,-0.0456031927277299
1,0.555041932528226
0,-0.783010871213933
0,-1.65999283287713
0,-2.49147490212473
0,-1.19001731254571
0,1.00564617429289
1,0.285826256065041
0,0.556411795273159
0,0.777949576787847
1,0.461926102531173
0,1.65077449111965
1,-0.70042136649718
1,-1.03819290732314
1,0.293947070994697
0,0.527918637547975
1,-0.720244476035872
1,-1.01190915618754
0,-0.739113364501643
0,1.42643566978995
1,0.833988389206369
0,0.572998692749858
0,0.795737866664885
0,0.516530790485206
1,-0.859336644656679
0,-0.907902924154234
1,-1.57656966223983
1,1.13221979827415
1,1.91691245412891
0,2.67064725536567
0,0.835179163765647
1,0.316880615806656
0,0.433562902835317
1,-0.816241746886196
1,0.129991559727463
1,-1.20220882432498
0,-0.795988539106683
1,-0.153976333537265
1,0.624650218309629
1,0.986279349283131
1,-0.96749579212387
0,1.46893819870517
0,-2.25066626610357
1,-0.00362637200219024
1,2.10979040391632
1,-1.14229730672325
1,2.2747176674363
1,-0.862024658731753
1,1.86896650695523
0,1.36140784969862
0,-0.0385061266765851
0,1.23291331490534
1,0.666485480190688
0,2.76754473610915
1,0.20494807979954
1,-0.053300565128361
1,-1.60972554345679
1,-2.57335017842602
0,1.3856446186011
1,-0.95224522982085
0,-1.05994330563871
1,-0.570173804845076
1,1.9112783258093
1,-0.225723460464974
0,1.59392501736452
1,-0.245669726933155
0,1.30967812645402
0,0.172769003628534
1,-0.771153997663767
1,0.644088751296731
1,-0.879360255389253
0,-1.69836602248333
0,1.64727418018158
1,1.14153984767091
0,-0.718156053429744
0,1.14403323888962
1,-1.34854668305017
1,1.00905254511179
0,-0.809616334322353
1,-0.403437184586952
1,-0.439946898178408
0,1.15922425317392
0,2.21971449285396
0,0.547169422950502
0,-0.115480959049527
1,1.07665326230172
0,2.46249822278643
0,0.621697668270643
1,0.398761870596648
0,2.0166327982512
0,-0.180875131410252
1,-0.834035065862789
1,-1.08195996271309
1,-1.80273822456386
0,0.490054744565112
1,0.318416459414827
1,-0.799120850859659
0,1.80301591539405
1,2.03652884270284
0,1.08712136281017
0,1.60102009633812
0,-1.81879618199771
0,1.58824923623919
1,-0.498073057598718
1,-2.23583500515737
0,-0.796814254182436
0,1.70370534355106
0,0.821239073663505
0,0.220406482518683
1,0.610705021509684
0,-2.71727441086922
0,0.12345563597503
1,1.79626494069229
0,-1.96960504623392
1,1.70960342916226
0,0.443182401960046
1,-0.0829590779900148
1,0.903195019061119
0,-1.83186716555652
0,0.810692020118483
1,0.373906275939496
1,-0.957663169322773
1,0.592708624081484
1,-1.72850201762982
1,-1.97516222639781
1,1.27670066684346
0,-1.72448168399531
1,0.236621853550913
1,-1.58713268991339
0,0.817482382358291
1,-0.573224166697805
1,1.69254204166811
0,-1.14703213721744
0,2.03768730368015
0,-1.31888422819944
1,1.07967280443238
1,-2.77461637331096
1,0.906971474964829
1,-0.545220139721639
0,1.30462810596665
0,0.140366636280519
0,0.80056662229653
1,1.3446728376122
0,0.636652365552346
0,2.42616625179868
0,0.883590331080122
0,-0.0948089335518989
1,-0.055086607278284
0,-0.688579199130047
1,-1.53786495491207
1,1.41634386972043
0,-1.42690092566685
0,-0.927974567720179
0,1.93690046921658
0,-0.452637336976587
1,-1.07092313215395
0,2.08345308479376
1,-2.86880975808798
1,-2.28142694926048
0,1.35794844070438
0,-0.251725698750865
1,0.281539369389484
0,-1.97562255766573
1,0.38653275805572
0,1.65825145559817
1,1.26625154744292
0,-0.631604899585521
1,2.35532341727637
0,-0.768100897392971
0,0.749699400285561
1,-0.572398547707
1,1.66416523065343
1,0.25179499123778
0,-0.529603589516023
0,-0.612906941950667
1,1.54810022306514
1,0.0861011589719578
0,-0.492857850049855
0,-1.52620540971407
0,-0.0960346950230275
1,1.01647579252654
0,-2.29797337886394
1,0.669366800165567
1,-0.428757203504668
0,-0.487025787674994
1,0.283057791047468
0,0.865973555822011
0,0.168385350855089
0,0.947959942729493
1,0.136284510232917
0,0.373738479504732
0,1.22249401352327
1,0.525611613827116
0,0.884555320267918
0,-3.11018593622837
0,1.14541803052791
0,-1.17484088764772
0,0.341094368905862
0,-1.18325092357781
0,-1.2930959648926
1,-0.0210610297659505
0,0.529782185169623
1,-0.800944791226335
0,2.11806423448591
0,1.58836969264008
0,0.525503416518109
1,-0.285245498830454
1,-2.26179747317685
0,-0.508233709932057
1,2.06238000512122
1,-1.69288325676435
0,1.00208221746826
1,0.0725806180104503
0,0.151802571819981
1,-0.50829328269277
1,-0.978626555065186
0,2.09032546812786
0,-0.924579117805981
0,-0.528483708933146
0,-0.13282330704315
1,-2.81264726566305
0,1.38319420922627
1,0.992369348058388
0,1.53797999595889
1,0.645546022004462
1,-0.38511853132018
0,-0.504618057429138
0,-0.892334794912101
0,1.32006087525635
1,-0.173770769324318
1,-0.378779977729949
1,-1.40214637001957
1,-0.376431319303679
0,0.981404562605562
1,-1.5962822038166
0,0.606879658975576
1,1.07007840661563
1,-1.2173969473904
0,3.19932543638936
0,0.831517008317113
0,-1.20012353011042
1,0.484967330830485
0,-1.35744947869005
0,0.52793773838684
0,1.16463328150323
1,0.285142190889433
1,-0.384664061278946
0,0.366914821435264
0,2.63021321843426
1,0.164157966136248
0,1.63442164830305
0,1.08470971334196
0,0.190136257564878
1,-1.11155592517488
1,0.607401633960245
1,-1.93113089682733
1,-2.95316874704261
1,-1.45654417389869
0,0.993437337742436
0,1.12285274352004
1,0.476416898059576
1,-0.521965694911224
0,-2.04465129013445
0,-0.146493332053677
0,-0.825351473531148
0,1.72473820591609
0,-0.173847323112695
1,0.454148308882404
0,-1.27081419575361
0,-1.48242813721221
1,1.78064351323833
0,1.90283683835025
1,-0.972853565945255
1,0.529163500618448
0,2.32668144263659
0,1.3918037831356
0,1.42408406988127
0,-1.07431011398418
0,1.47571927478387
0,1.5747010575402
1,-1.37982266203096
1,0.559522228197959
1,-1.28522206187832
0,-0.869478117977485
0,1.08638285927769
1,1.83373750013454
0,2.0872511823278
1,1.14186465471038
0,0.732875616041492
0,0.291405971041666
0,0.817915171424887
1,-1.21659654176507
0,-1.56731816214695
0,1.62212908125374
1,-1.93429850849745
0,-0.0552770998585171
1,-0.228714230059324
1,1.50503682070849
0,-2.61212762161042
0,0.0166085909412623
1,-3.12795877206508
0,1.15170426917671
0,3.30630283049496
1,0.62291650318829
0,-1.25442252279869
0,1.38250586825161
0,0.880807779170277
0,0.931023844870533
0,0.834924857514923
1,-0.197742879234258
1,0.163885323217862
0,-1.86723395385636
0,-1.038828704077
0,1.08358376582085
0,1.62452234223542
0,-0.213773860155758
0,0.991771992757649
0,0.926862844890375
0,0.189525524110114
1,0.435285300798056
1,-0.90145748622081
1,0.179377551446017
0,-2.48187745004491
1,0.372471552363984
1,-0.973264650854316
1,-1.34713255780109
0,-1.61912787319023
0,0.0601292608990142
0,0.878749959352644
0,2.54353302483877
0,-0.0647943520282881
0,-0.701230678230588
1,0.562997829692208
1,1.17967178287689
1,0.244634860450614
0,-0.636705675660166
0,1.32824824760451
1,1.06152420403347
0,-1.12027524081991
0,-0.250698945551182
1,-0.139355757993667
0,1.13158486377992
0,2.29196057340049
0,1.84714911359802
0,1.47626670499635
0,3.25677984456309
0,2.82140190769252
0,-0.681973222192197
1,1.68149748201921
1,-0.50705555545811
1,-0.948081351145301
0,0.860919649349246
0,0.913448511484622
0,1.36662920302784
1,-2.93588706422805
1,-0.100659648100024
0,0.654111458595116
0,2.23304327068961
0,1.30553645667755
0,0.535681733945513
0,-0.0161092374106658
0,1.03420814022568
1,0.447573353489595
0,1.24486704265904
1,-1.6148169297274
1,0.253564381723579
0,0.46357929139796
1,-2.79524025815594
0,3.17738220165868
1,-0.255933859887621
0,2.31481341180861
0,0.160353689628673
1,-1.94068865058527
0,2.12512341901889
1,-1.93876622566357
0,1.00558021239207
0,1.62638177879006
0,1.30142527896
1,-0.579959135988269
1,1.07838142995078
0,-0.461089909307915
0,0.163369951371098
1,-0.663309137889933
1,-1.40578350245713
0,-0.915699784541707
0,0.777942003774873
1,-2.0059763582298
1,2.60868675963206
0,-0.311848220454371
0,0.505829317764857
1,0.99749005436272
1,-1.18150990987925
1,-0.425427634064421
1,-0.526594452726739
1,-1.27086040486291
0,3.00853975384955
0,0.638920563234999
0,0.813868400695033
1,-0.873141897441108
1,0.652559656610806
0,0.67947242888353
0,0.65584205040889
1,0.895818507968159
1,0.043053549836399
1,-1.31982586926474
0,-1.10343059341138
0,-0.00145366210226765
1,-2.48941641763723
0,0.22923703748527
0,2.15178651987267
0,1.49294756939206
0,1.92026519119827
1,-2.47860622022744
1,0.282088634646309
1,2.12174707492885
1,1.03795512527562
1,-1.24940871531183
0,1.35233601163257
1,0.282517827111625
0,0.22577772798908
0,1.2241618814105
0,0.147532011706781
1,-1.09283860437642
0,-2.22246133015383
0,-2.2771187134228
0,0.81364151061505
1,1.03496183585407
1,1.65877697596617
1,0.767098673546668
1,-0.275205926263493
1,-0.348638431693684
1,1.32906666278437
0,0.236047221832359
0,-0.218444378204666
1,0.128616832876023
1,0.463151137187026
1,-0.103992866505307
0,0.992714165836063
0,0.0249667697923376
1,-0.195515629863244
1,-0.729451265854721
0,-1.09271746517429
1,-1.20530669829135
0,-1.71837694137012
0,0.983390285298811
1,-0.818009628033179
1,1.584444410386
1,0.44734648547482
0,1.6509208655949
0,1.02594913223872
1,0.0275157074949442
0,-2.02840908765843
1,2.51602265215803
1,-0.684334084658325
0,1.03712666391289
0,0.342625640696597
0,1.56508617910796
0,-0.198137046577431
0,0.267762809693934
0,0.767278098775317
1,1.06500683388509
1,2.29046824894549
0,1.20648031081235
1,-1.2063585673915
0,0.692655217001422
0,1.20280960856314
1,2.8199632030705
1,0.54109057087296
1,-0.0736725349658127
1,-1.68107809641552
0,1.58197199795697
0,0.222186469506892
0,2.77454487491281
0,-0.781560857692118
0,1.11463069172495
1,1.21086228440023
0,1.35455748687543
0,-1.28882204461419
0,1.16443334738428
1,-0.912411316272508
0,1.93520397490964
1,-1.38060991210638
0,-0.512765513078434
1,-1.48695280676413
0,1.65947944979024
1,0.671671118092809
0,1.62610173994722
1,2.25049783899893
0,-0.379998409510122
1,0.47770436078407
0,1.71070720978363
1,-0.461071704409084
0,-0.6199299509374
0,-2.90289359127609
0,0.528180493118885
0,0.0792813958691918
0,-1.96855015872849
1,2.16839166573523
0,3.46864499271449
0,-0.804023471676565
1,-2.98866342261353
1,-1.74212603962364
0,1.91518209511343
0,2.01097108968339
0,0.825524529869326
0,1.09622770817479
1,-0.367622866451157
1,-1.38650211702567
0,-1.83698202344758
0,3.13549982047226
1,0.0433626735645641
0,1.77950548118485
1,-0.0528758294114539
1,-0.402056438171339
0,-1.08279466421227
0,2.05404863795828
1,-0.758286953389332
1,1.37118439069348
1,-1.26503052151202
0,-0.774425448361432
0,-0.16672993661472
1,-0.502878308788512
0,0.827740731725914
0,2.28326492221321
0,-0.702267055875577
1,-0.412849534920822
0,-0.871513641847451
1,0.522011904911876
0,-0.173472081625223
1,-1.20328691296466
0,0.636667948514965
1,0.640456977010738
0,-0.882461982280936
0,-0.104452108789315
1,0.988140621620679
0,-0.96114625260456
1,0.220643071573384
1,-0.0201231128061878
0,-0.364566821206687
0,0.984052970964834
0,0.304476918514067
0,0.112651289140291
1,-2.06665108337046
0,0.87988325237178
1,0.337009924265274
1,1.39664768957593
1,0.341497085508452
0,-0.144662101898346
0,0.965890964162148
1,0.716666797994256
1,-0.888057512019866
0,-0.0169101321633046
1,0.142332148259566
0,0.90545105537911
0,0.715123392740856
0,-1.12547202282115
0,-1.81313164361175
0,2.76054842892465
0,1.48663848025926
1,1.56339679911555
0,1.16301877491163
0,2.59913483573898
0,1.48342123236864
0,2.19663176054716
1,0.516692817454766
1,2.03267095414893
0,1.20670535065146
1,1.38680520770808
0,1.53525087213606
1,-0.682930767368921
0,1.50267193317831
1,-1.87006606727842
0,-0.380608138954276
1,-0.497893076459845
0,1.00356235534895
1,0.250035947431354
0,2.47719000544005
1,-0.924588359101031
1,-0.733437897037269
1,-0.854138588997366
1,-0.0321704444598747
1,1.1559362466744
0,0.578159733430761
0,0.415859174981388
1,-0.997262305026497
0,1.48058477800332
1,1.29304129292443
1,0.934988074644333
1,-0.187830437566727
0,-0.300035739964306
1,0.122012525902276
1,-0.365783045713759
1,-1.96021618732629
0,0.528152686142565
0,0.49506295536976
0,0.361884208956801
0,1.5071277619931
1,1.31413381085429
1,-1.58943857352159
0,1.1985709691254
1,1.65992645350797
0,1.21821937781213
0,0.711779053852136
1,1.07639367945882
0,-1.33841688575164
0,0.0147824219369895
0,-0.605405862355958
0,0.728356891791229
0,1.91762866593401
1,-2.14719607142291
0,0.442729498767319
0,-0.222596689409874
0,0.586930435852002
0,1.47820398775753
1,0.214299654638056
0,0.0688746115578779
1,1.15711677842965
0,0.0936101203586424
0,2.17803903267506
0,1.97412496382178
0,1.73178326963045
0,-1.3669427430593
1,0.834724295444624
0,1.40412386134937
1,-1.40405317060957
0,1.70501554837391
0,1.59819140955158
0,-1.47099358730123
1,0.393267611030347
0,0.277719357726998
0,-0.319389841772789
1,-1.04492531583205
1,1.7260793912175
1,0.211334052705247
0,1.0867555131836
1,-1.44144243799466
0,0.877381153652366
0,1.26920036280468
1,-1.32836603300563
0,0.488185603069799
0,0.196787747470081
0,-1.77266123306113
0,-0.369179523623789
0,1.68333588920841
1,-1.17437906237814
1,1.42056675827553
1,-0.155842669665702
1,-0.763634709794682
0,1.06603677877318
1,-2.27343447769401
0,1.03326466923264
0,1.44333048682768
0,-0.702392964502229
0,-0.777782574594147
0,1.46793132706086
0,-0.326841537968424
0,-1.92215242541652
0,-0.340956779645118
0,1.11703655345076
1,0.0970847371651549
1,1.40019045316725
0,2.05644289188789
1,-0.335686828060704
0,-1.74795227317351
1,-1.80481252679645
1,0.817294103607024
1,1.41608572252434
0,1.26722580787501
1,0.303836194120848
1,0.390052737897363
0,1.62460326187662
0,4.71264189798558e-05
0,-0.112638158611934
1,0.180864701436761
1,1.91770611041346
1,0.00496046854333343
1,-1.47736421841489
0,2.60602585833287
1,-0.503646213493171
1,-0.183122850388256
0,0.912099996774242
1,-0.382267583581737
0,1.64949538575259
0,-2.25977265674357
1,-1.13470620784734
1,-0.315525471093965
0,1.08356444538145
1,0.0915418536541697
0,0.504030294403733
0,-1.58905689410549
0,1.22816287751086
0,-1.24409296878857
0,1.21550505097192
1,1.21560390891043
1,0.326504993275596
1,0.902045926320445
1,-2.94472262516596
0,-0.417650212062951
1,-0.705833991129635
1,0.494039702010902
0,0.911270636667899
1,0.0417255530666512
1,1.29932421718278
0,0.791867788061168
0,1.93574423571121
1,-1.93083906142491
0,0.750364691472816
1,-2.15858977791206
1,-0.657659469707303
1,-0.131383795908828
0,1.75166476185502
1,-1.30668544067991
0,0.40228554953682
0,-0.278146033358095
0,1.58421145041023
0,0.377629635494397
1,-1.65726079126608
0,1.95665372613051
1,1.66981990397812
0,1.02474351257928
1,1.68375574030321
1,2.30499503054667
0,0.796863928688068
0,0.303885762370177
1,-0.0844976055657093
1,-1.26768246404105
0,-0.0880416852158106
1,-0.616210296555455
1,2.22189095762444
1,-2.67258573955524
1,0.368824699662948
1,-2.04941194907457
0,-2.0957652806789
0,-0.824899477911648
1,0.949307226792834
0,0.584552776623309
1,-0.744630419784558
1,-0.78825826845992
0,2.30174532280499
1,-3.45112693064667
1,1.16557353476202
0,0.903476362290966
1,-0.709316370632057
1,0.418547144925096
1,0.573696903085986
0,0.333696816017981
1,-0.654849270941258
0,-1.50959840389323
1,1.55600140815605
0,-0.937630881710388
1,-1.36015078804242
0,0.625307233426255
0,0.436125970212769
0,-0.0429138411320536
0,-0.635244074375672
1,0.619714360167908
0,-2.06299274705904
0,0.725095749531852
0,-1.39608849214254
0,1.22297116977788
0,0.873184148816066
1,-3.35647465111128
1,1.37137941028716
0,0.66812584375441
1,-0.437773373332214
0,2.95645775548581
1,-0.526221187854756
0,0.288602452791171
0,1.99820520780691
0,1.04506613771508
0,1.11857772928934
0,0.0576310372002176
0,0.437688808517071
1,0.700342708014179
0,-0.29224189868712
1,-1.81170668240566
0,0.155093681388508
1,1.80583040629352
0,3.00989964683323
0,1.53045197829507
0,-1.50007382941885
1,-0.856593368437031
1,-0.703375289205989
1,1.39633231292995
1,-0.385797557017366
1,-0.314257158627973
1,1.37023404763646
1,1.02906208946392
0,1.19837242667106
0,1.47178883924924
0,-3.24052105974356
1,-1.37279862975149
1,-1.11889861300747
1,0.818889211753902
1,1.29818564001827
0,2.25691264633294
1,-0.388917193375518
0,0.149313655661507
0,-0.0894470059708088
1,-0.83011605214739
1,0.350591682139483
1,1.48255235119643
0,-0.468378073166801
0,0.606337455070555
1,1.35606242208285
1,0.314408782596723
0,0.291110002432586
1,0.060971884410098
1,1.5028539557488
0,0.828066663264108
0,1.31450909400179
1,-0.0132698387142963
1,-1.11767916085542
1,0.672029257436276
1,0.520141237979267
1,-1.6432343738305
0,-1.44871394344571
1,-1.64193827775185
0,3.27792735093842
1,0.500429012907801
0,-0.0957009375978167
0,0.134175403774476
0,1.67382898744323
1,0.398240590764141
0,0.881483469443591
1,-0.570233439654967
1,-0.584876267424783
0,-1.18185605194072
0,-0.527529562795997
0,-0.797053394732803
1,-1.19513024383528
0,2.0928119355229
0,-1.41568181273659
1,1.25214368859506
0,0.277809335528177
1,1.43450720171688
1,-1.70257345096693
1,-1.75543969285367
1,-1.54114383197214
0,1.88474139792135
0,-1.55029814470325
0,-1.29928975362361
0,1.29987447372949
0,-1.04751370125846
1,-0.00718647153895396
0,0.657147680475597
0,-0.125331187580672
0,0.613415669440115
0,-0.0805560188060948
1,0.71064289745681
0,1.16706633541938
0,-0.0231220215874929
1,1.13999971028865
1,1.48148842396589
1,-1.7504517252877
1,-1.37575210030608
0,-0.177198337322737
1,0.200668795247835
0,-2.0501649215435
1,1.51143770057697
1,0.793700512909397
0,1.67216279558756
0,1.33607022261399
1,-2.61026950791076
1,-2.41207195577464
0,0.305979737484652
1,-0.969439488642622
0,0.45121181073127
1,-0.392643092074335
1,-0.0104339181469115
0,-1.28522092210395
1,0.388657838094185
1,-1.43864786561367
1,0.441299435410375
0,-0.796223255332943
0,1.81578460461473
0,-0.0249668075573975
1,-1.95341694882824
0,0.724072998604225
1,-0.0752437530677706
0,-1.92294284533342
0,-0.610871041497161
0,0.259067469202906
0,-0.152420033080891
1,-1.93569682697388
1,-2.09741730481675
1,0.281817423308378
1,1.11459314435364
1,0.279035989573453
1,0.245069058322572
1,-0.732435236040958
0,1.7732942057763
0,-0.0376340432684182
0,-1.88498093858005
0,0.0112130815846346
0,-0.456172927741634
1,0.0761571869423663
0,0.396135081250962
1,0.260760685044794
1,-1.92510026505766
1,-2.39598580245215
0,2.97034864766759
1,0.381993169915103
1,-3.3459715162468
0,-1.29932610890157
0,2.32179544765331
0,0.323624351999262
0,-0.702002081373774
0,0.569048064391175
0,-2.27527369471321
0,1.33666136135323
1,-0.446119644239839
0,-1.20061169254908
0,1.60662919520821
1,-1.78647414940117
0,-0.696486336307104
1,1.13877138238714
1,-0.238605932743326
1,-0.862667701444308
0,1.80368401640926
0,-0.383687643516572
0,-0.756573758922399
1,-2.37079313261842
1,-0.893095681317442
0,1.27574105282296
0,-1.41292495210341
0,0.732798692660614
0,-0.502405649091696
0,0.20863882399194
1,1.69654716083209
0,2.44629938636191
1,2.39354602392826
1,0.169947902852405
1,2.26457035083188
1,-0.0733973302887769
1,-0.256443284697799
1,0.581824522408973
0,-3.31899993357405
0,-1.42319760556384
1,-0.498005331474341
0,-1.16713524125689
1,-1.4298212394956
1,-0.360265129857519
1,-0.612407022289615
0,1.86662921712844
1,-1.49359032547649
1,-1.84650856037443
0,-1.57747896321045
1,-0.0540638106896587
0,0.460169032730233
1,1.70870850221749
1,-2.40528077985601
1,-1.2476147540212
0,1.95450768221729
0,1.58788282259949
0,-0.319444305070114
0,-0.135700014204242
0,-0.285189809526028
0,0.332964997129566
1,-0.88183316538528
0,1.6349401634357
1,-1.45300855429717
0,0.893406235104138
1,-0.414238461880236
0,2.06605706392444
1,-0.591710141006258
0,1.78811361928926
0,-1.56143337869922
1,-0.708282471485459
0,0.669512169748473
0,0.921849918223536
1,-1.7010466623526
1,-0.672499028777949
1,3.3075558765721
1,0.554499602724786
1,-1.39022091145347
0,-1.54653141483579
1,-0.00854306736548752
0,-0.305288295124863
1,-1.95503201924848
1,0.363990610462555
0,-1.8431968864924
1,-2.75498351998784
1,1.14830938460199
1,0.56099466726326
0,2.70623564789074
1,-1.0217963695634
0,-0.745475519339378
0,0.76580671079945
0,0.130230318222619
1,-1.19812171464413
0,-1.59487349492688
1,1.76337468603075
0,0.130004663697134
1,-0.16611451860471
0,-0.695808915146914
0,0.443935165034442
0,0.190247708138604
0,1.17017092040547
1,-0.034083606089596
0,2.93083257539286
1,1.0740190636841
0,2.39771841234274
1,-2.90024599232747
0,-2.37627640794615
1,1.60936933501712
1,-2.4946846115329
1,-0.744143367677901
1,1.9781519172154
1,-1.30657983280678
0,2.9279556031152
1,0.447480026645279
1,0.386033413383791
1,-1.11596932952033
1,1.65441748158432
0,0.0785701749346741
0,0.48633592156676
0,-0.360239150641501
1,-1.2329815143158
0,1.23936790719266
1,1.01002710858625
1,-2.03692571722289
0,1.88564756608251
0,0.837663377807945
1,0.287500525484375
1,0.808946157694289
0,2.57011129007499
1,2.00834476366274
1,-0.0868507654099598
1,-0.434421632372222
1,-0.469977739871189
1,-1.30683343482003
0,-0.359264544817239
0,0.769571747353206
0,-0.423824913641901
1,0.0911010719450288
1,1.8968402272494
0,-0.204546002955344
0,1.16259195361957
0,-0.574084444914025
0,-0.578374579763275
0,0.81122853341767
0,-0.946633829624759
0,-0.510846445033557
0,1.59959995289457
1,0.174439792018939
1,0.988411832762569
1,0.191071173955358
0,-0.452257903786978
1,0.361795619556504
0,-1.39793600607459
0,-0.644670230068354
0,0.36673583277092
1,-0.421470593770412
0,2.16271188618651
1,-0.971239741165197
1,-0.0756831611639877
1,1.4606838546591
1,-0.955241138491512
1,2.50205966509964
1,-1.39563129073971
0,1.79025371442742
1,-0.266016284963924
1,0.780888928549884
0,0.213234743390136
0,1.45112675461821
1,-0.0106363517455128
0,2.0658805767069
0,2.11535838343159
0,0.657886107410414
1,4.042297885176
0,0.405953849581553
1,-0.0967512081173117
0,-1.60511443944392
1,-0.193475155592005
0,1.96988021991918
1,-0.488351423815904
0,1.41783772236141
1,-0.434974790967043
1,-1.32219109563786
0,1.70150860749272
1,-0.1225563958536
0,0.262916630545993
1,-1.00526164924391
0,-1.0189109360026
0,2.28296461875535
1,-1.6681455480175
0,-0.898111811825102
0,-1.68357338743339
0,-0.375361859052274
0,0.570438685079728
0,0.662102503214128
1,-0.204535757714325
1,-0.956500148033589
0,0.0186955253299762
0,1.82880206946513
1,-1.00765527971024
1,-1.53191562195963
1,-0.402383063271634
1,-1.13981606893907
1,-1.99468951817342
1,-1.12862115881374
1,-1.64595331817019
0,1.19192414814512
0,-0.389900353885659
0,0.73605838595863
0,-2.02901551243323
1,-0.158615930701346
0,0.773708051599931
0,0.820365715186596
1,-1.45455640061898
0,0.741510587081101
1,1.36810299361014
0,0.28231874765161
0,-0.293380906684653
1,1.14326893624259
1,0.709614927079157
0,1.09727390305527
0,1.25748878402036
1,-1.09306154752596
0,-0.803352069202135
0,0.351290001322939
1,1.00285481160736
1,-0.160718814038099
0,-0.00762929852442046
0,-1.52339632148028
1,-0.820386023486611
0,0.85279774629597
1,-1.44706347333206
0,1.80433515586792
1,0.0830285831532391
0,-0.106298886377594
1,-0.110763108778277
0,-0.169011466369356
0,0.589838797712881
1,-1.82119289407713
0,-1.44066839520374
0,-0.931207582794848
1,1.09700277509173
1,1.34911128952928
0,0.0210536894052933
1,-0.0242462987321203
0,-0.365151139004652
1,-0.743804328052493
1,-0.706432151419586
0,-1.93827667163785
1,-2.09517284285545
0,-1.04904383421388
0,0.0545755903710299
1,-0.728599066553306
1,-0.138677455653517
0,0.873967600932361
1,-0.206058978923388
0,0.679182352088052
1,0.43294176200737
1,0.949628751126196
0,1.92392768733644
0,1.43834181739345
0,-0.761537453211371
1,-0.352449970930166
1,0.5508807105013
0,0.795772030440398
0,0.218679323752525
1,0.284550042296386
0,0.227720600648855
0,1.3369414283347
1,-0.0728792752856447
0,1.28682685941989
0,0.407426899443483
1,1.26477214607136
0,2.26478860832339
0,-0.051511616994799
1,-0.405791936255989
0,3.14090834776225
0,1.20111702930546
0,-0.201742956942444
0,1.94306215893316
0,2.33875177941455
0,-0.60326753392763
0,-1.45674758450314
1,0.541323418975202
0,-0.331664342967405
1,1.38454001641763
1,0.0880169247939466
1,0.550647849058474
0,-0.257927206332963
0,0.985715025918391
1,2.55685288396624
0,-1.14354122114777
0,-2.6188836258459
0,-1.12490717178811
0,1.80637844358825
0,2.86928090638361
1,1.29980415854686
0,-0.174627597189475
0,1.37978908101474
0,-0.396398234755947
0,0.453411743445857
0,1.44348395179023
0,1.43470690671555
1,-0.225210735564553
0,-0.24447814474565
0,0.028743036184637
0,0.170865756192921
0,0.138021863227173
1,0.463918386593902
0,-0.363975982399457
0,-2.51488865631317
1,0.162753218483951
0,-0.407072631845253
1,-1.39661828321999
0,1.41362695657374
1,0.125860855764972
0,-0.249323627577839
1,0.764763145866516
1,0.0211628725951399
0,3.42292343460117
1,-2.53582068922823
1,-0.526289838580942
0,0.579178869872364
0,1.98320237429853
0,-0.260546683805446
0,-1.42389854316139
1,-0.389470946220367
1,0.705060781599723
1,-2.00334884895453
0,1.29004553732703
1,-1.54438289950078
1,1.41959177531168
0,0.873317860274851
0,2.02546057963507
1,-1.47912818923853
1,0.182895520402873
0,0.938538956202515
1,-1.20603398416711
0,0.749399976098488
0,1.90868891719252
1,4.52079949246101
0,-0.0767665356782146
0,-0.882993112046153
1,0.598995631521419
0,-0.641531730158127
1,-0.293078489020974
0,2.73095064111819
1,0.954271388182003
1,-0.378953770700672
1,0.66071315600596
1,1.99244111722389
1,-0.729796123562442
0,-0.010419549304753
0,-0.37717216100218
1,-1.41346161931726
1,-0.446079472691576
1,-1.38842661893873
0,0.738948179728506
1,-1.79809113906489
1,-2.12094138606972
0,0.453508613982937
0,-1.40551293814559
0,-0.113271198923803
1,0.0236273403308442
0,1.23133738541787
1,0.844176336459633
1,-0.987751986624537
1,1.91168656718059
1,1.18212836492109
1,1.09811990807014
1,-2.62775328435949
0,-0.220374785636795
0,-1.1094908736998
1,1.44900045387065
1,1.36391271935047
0,-0.282334072684275
0,1.7263405022608
1,0.521758595209406
1,1.97029815376712
0,0.555073691698742
1,-0.181442151128415
1,-0.224043196676037
0,0.421866723652984
0,-1.15334580411882
0,2.43036096554231
1,1.26899839386937
1,-3.14587977194164
0,-1.13134785427
0,0.483413499378618
0,0.14834209715303
0,1.01282791695017
0,1.00403788062602
0,1.09630218383054
0,-1.50897377911541
1,-2.79008265098901
0,2.02036457468326
0,-1.03422940224283
0,1.84621320018296
1,-1.42095883513195
1,-1.15407170233136
1,2.6104650560997
1,-0.162916360823699
1,0.830372414682603
0,0.909718623455216
1,-2.39279389508325
0,1.55950950252635
1,1.77040008107163
0,-0.751945671705745
0,2.81916153905055
1,0.553873486750616
0,-0.14564183036105
0,0.862033431590564
0,0.770039416693222
1,0.381758272581415
0,-0.341431517621888
0,0.41624226755769
0,1.90847305551856
0,-2.16609228760924
1,-0.70002186081637
0,-0.267988764100001
1,-1.33688366904608
0,1.41882108195305
0,0.690595830410358
0,-0.0337059430701188
0,-1.97194440837155
1,-2.15206852819866
1,0.102770958836054
0,-0.0380416485687493
1,-1.63582215195352
0,-0.480331229032608
0,1.69168380154995
0,-0.832432338923636
0,0.163324883798938
0,0.0673195361621602
0,1.86467284594239
1,0.357309381571213
0,-1.37740176870729
1,-1.98891398165481
1,-1.73004590779969
1,1.90133183695664
1,-1.4254042397992
1,-2.06434408374818
0,-1.25679490480066
0,2.77128417250471
1,0.330430957824403
0,-0.0432534033893597
0,0.0701087559676772
0,0.947397174277794
0,2.45387156555518
1,2.12033685241305
0,0.372732824442655
0,1.96278116126434
1,-0.109234173996877
0,-0.936666869764615
0,0.495478520037826
1,-0.0584154697328143
0,2.24085358571497
0,0.937407359376254
0,1.79638829565193
1,-1.09967161287779
1,-0.731402805818672
1,-0.409694305192802
1,0.49476340617912
0,1.10132025618592
0,0.931392608977921
0,-0.350421150940493
1,-1.35456141173198
1,-0.717312941397062
0,1.19532899858851
0,1.421028800088
0,0.957875184911582
0,-0.999887289909167
0,0.0110707139403908
1,-1.39847595144979
0,2.03523614177525
0,1.81103770077266
0,-0.419992890373016
0,1.50874261597728
0,2.61155271791372
0,-0.0964182379219554
1,-0.661438108008123
0,0.51503672021589
1,0.185746552990321
1,-0.48082979308656
1,0.610965333126216
0,1.26838032939615
1,-0.898320565426774
0,-0.478011184732739
1,1.03531063352093
1,0.161865156201334
1,0.042021844724712
0,0.431225038546283
0,2.35382070987856
0,-1.59721723604417
1,0.279447365141787
1,0.892872208472907
0,-0.214514343583783
0,1.25378793049361
1,-3.10057768665031
0,-0.284850346357515
1,-0.421873058254332
0,0.283908323377375
1,1.75410875148324
1,-0.628498562268726
0,0.0327867486307891
1,-1.81543890513697
0,1.48840116333418
1,1.01789562517827
0,0.877729412051597
0,3.17040972912622
1,-2.17210554693923
0,2.46332503779609
0,-0.554465566224513
0,0.847448110398046
1,-0.0488434076419707
0,0.0259709508340148
1,0.261099780074207
1,0.108673944038751
0,-0.215529227960409
0,1.54440602599837
1,0.33263736236113
0,1.14023921977347
0,1.70513647891492
1,1.5002092477342
1,-2.09511691742468
1,2.24631747411207
1,1.20089023772157
1,-0.909344969312568
0,1.169247059007
1,-0.584377103606765
0,1.67323666191072
0,-0.892803498414513
1,1.67599233322287
0,2.31336853093893
0,-0.265901761416269
1,2.20871847425024
1,1.92526497307715
1,-1.71393573360732
1,-0.39884947398487
1,0.413321551892034
1,0.189706591390792
1,1.31996124755936
0,2.21569516793312
1,1.13234545625703
0,1.28658452203758
1,-1.9534538439117
1,0.52183782145652
0,-0.533993378396424
1,2.09534850026523
1,-1.10452645075134
0,-0.195899675921651
0,-0.861376467935024
1,-1.78027539072397
0,1.95121217147923
0,-0.46450810348088
1,-1.27473204885949
1,0.475043289805011
0,2.18614442101887
1,0.740104524277932
0,-0.795801222048699
1,1.90314631342942
1,1.14109616008136
1,-2.50821153134753
0,-1.05647772057697
0,-0.585627189253459
0,2.83373580526454
0,0.924360260257897
0,-0.207749720880653
1,0.46555918749277
0,0.17371803784684
0,0.375452241660766
0,-0.264566868037401
0,0.150720006371604
0,-1.88610271194453
1,1.69161756378239
1,-1.43536635389882
1,2.11528332791493
0,-1.41725237236953
0,-0.57461155269899
0,0.929533115276286
0,2.61084623983973
0,1.75459009869755
0,-0.082912112529506
0,1.09168320607293
0,2.07752994474583
1,0.0130962989814933
1,-0.205209874940787
1,0.372717172267777
0,-1.29115289815185
1,-0.739072855051396
1,-0.619128489188175
0,-1.19135926880007
0,1.62176735705981
1,2.09578680029869
1,1.23647667862639
1,-1.92087101212456
0,-0.11431645545139
0,-1.99203452485932
1,1.17547909835236
1,-1.04514825987258
0,-1.71642555328418
1,0.285083043685088
1,1.37707322619073
1,0.724178186578128
1,-1.0792173935408
1,1.66841202913276
1,2.10956920122385
0,1.08900710102842
0,-0.191274534197179
0,4.42003824387154
1,-0.134832564260453
0,1.49812192593475
1,-0.134717696614563
0,1.34682242761057
0,0.411277840421104
0,0.40903943196896
0,-1.93720803154766
1,-0.590821882019498
1,-0.506705657270723
1,-0.803089970328462
1,-0.18336103838074
1,-1.48613395244997
1,2.05937292852775
0,-0.0185852375913417
1,-3.01586241349146
1,0.512094993216054
0,0.0657066771023281
1,-1.70248651194824
0,-0.641194640696649
0,-0.563321531031269
0,0.659223043989388
0,1.00453626995598
1,-1.40969553164647
0,0.763985936054681
1,2.57962441748938
0,1.43371763417961
0,-0.688411087573019
0,0.0840761590853271
1,-2.18594263989286
1,1.22749641490204
0,0.0340042217424242
1,-0.453508089133444
0,1.07249554335164
1,1.45094670257542
0,-0.16348039542764
0,0.340179624756412
0,2.29785710862117
1,0.231888162219578
0,0.122860356613294
0,1.64590816880014
0,0.848410005885987
0,1.04077486713499
0,0.533884703627953
1,-0.732419332336739
1,-0.822708432309353
0,-0.330067010161966
1,-0.387425497341902
1,-1.51331645061162
1,1.33907997477741
0,-0.874545264941084
0,0.350568963169604
0,-1.31368358178746
1,-1.72023913709003
1,1.23868475440065
0,0.910099377706007
0,0.320292014150012
1,0.548502597382023
1,-2.08090028038142
0,-0.188761696187894
0,-0.323464174847974
0,1.94771710745543
1,-0.221958060101985
1,-0.50376123719371
1,-1.99096593604988
0,0.658570247734336
1,-1.58102019364076
1,-2.15839493758636
0,1.22180410700629
1,-1.00324499675897
1,-0.853178329431193
1,-1.03195316022588
0,2.07299803668884
0,-0.470839228670716
0,-2.24189579625828
1,-1.32088871994835
1,0.463981822479858
1,0.439304282225499
1,0.0665954591555792
0,0.379777062374547
1,3.1481528766689
0,0.963183045496976
0,-0.436842298669386
0,2.75057729494785
0,-0.708744100907487
1,-1.69039315701164
0,2.27967303911986
1,1.52244402498042
0,-0.927273099476385
1,1.41133784584515
1,-1.49815315190099
1,0.917848734662837
1,-0.27850170209671
1,-0.0266786610935918
0,0.377237103329184
1,0.264690802906446
1,-0.650362543002771
1,1.51306429852284
1,-3.06687600533913
0,0.843788050079652
0,-0.336199532833256
1,-0.578024079251208
0,-0.693568386818261
0,1.22756764751917
1,-1.10610934053962
0,-1.46648078881176
1,-1.1014474396641
1,-0.900429005251102
0,-1.10386877059169
1,-1.33370677664352
0,-0.441143621558898
0,-2.05569911572051
1,-0.766236331316793
1,-0.618717011801032
0,0.493917096365293
0,-2.05000927262239
0,1.79528064031077
0,-1.06802732641609
1,2.7678532934964
0,1.93378728858516
0,-0.930747067279261
1,-0.439649545657469
1,-0.113327350064692
0,0.532176587401579
1,1.71614977735526
0,0.262676966953144
0,-0.120530929097559
0,0.0225379755130527
0,1.38112400956743
0,0.872817336028372
0,-2.04586984128098
0,-1.25726795153667
0,2.12685171623569
0,-1.03023704205325
1,1.21091086754056
0,1.30974353184892
1,1.43918554183386
1,1.03370070567098
0,0.8795216607115
1,-0.951641183082809
1,0.879403272896613
0,1.04566828815454
1,2.01399822454189
0,1.65939835643209
1,0.365738572915061
1,-0.758061244892194
1,-1.42284996466341
1,0.462267341352999
1,0.512902253410074
0,0.0248071484403378
0,0.300112137122138
0,0.8682741350603
1,-1.88772923809563
0,1.79701587204882
1,0.10792294181292
0,-1.0439834926173
1,-1.02167225847169
1,3.00277488709467
1,-3.01140286663233
0,1.75516464038729
0,2.90797439539024
1,-0.652559333439737
1,0.21162212880112
0,1.83727369266335
0,-1.74892090156574
0,4.57064959737267
0,0.776956696027897
1,-3.30886244598385
1,1.86789435557842
0,0.890243256198732
1,-1.33136607707663
0,1.46073466311884
1,-2.48309667751986
0,1.41496078266526
0,0.808634591566583
0,-0.0696157947551116
1,2.14125413669872
0,-1.23065489424832
0,-0.510883812538903
0,0.498525434745149
1,-0.253384457724635
0,1.65298649695273
1,-0.765355589679337
0,-1.06006851060318
1,0.906106927757186
0,1.23162974151683
1,-2.10321865673925
1,-0.132003966015311
1,-0.403964094724127
0,0.854650254997362
1,1.34408088527753
0,-0.505799591530397
0,-2.37907235713525
1,1.21519213935381
0,-0.5753329676784
1,-0.38680482146003
0,-0.626030235976657
1,0.892339795473694
1,-0.917652925572596
1,-0.824453621509517
1,2.14349634344004
0,-1.34565187529971
1,-1.43969328339856
1,-0.623652711501944
0,0.187937110063926
1,1.2928006017199
0,-0.293020335748153
1,0.43716389285346
0,-2.05066918424088
0,1.48943182683859
0,-1.32911479820329
1,-1.37383121530649
0,0.203539067487168
0,-0.534929608632832
0,0.324240061690858
0,0.4888490677211
1,-0.644103146778225
0,0.317774922707041
1,0.439542628376699
1,-1.83119150410513
1,-0.117608358095107
0,1.57157991275056
1,2.87148065679399
1,-0.553255848999978
0,1.6450279837522
0,0.208196570719774
0,-0.835564250811003
0,0.216339202050176
0,0.759103447691346
1,-2.67606907206051
1,-0.751575177710531
1,0.624441505548371
1,0.124000567831262
1,-1.5917774813176
1,1.98823213333087
0,-2.58684368961004
0,1.42629314806468
0,1.47373501597212
0,2.48251791527479
0,1.20016847607382
0,0.838534798852169
1,0.75516292798356
0,2.15644426334245
0,-1.10716636963376
1,-0.658529112319911
0,0.679023956339771
1,0.299567081777911
1,-2.95123182902821
0,1.41649875810159
1,1.92309515800143
1,-1.3735072193184
1,-1.48744705212522
1,-1.86697703663106
1,-1.4114229292579
0,-0.509891213899727
0,0.514645127678803
1,0.0418028595742597
1,1.76668568266048
0,0.378563544834881
0,0.822323847526475
0,-3.31076460557413
1,-2.86888013887788
0,-0.745115963362344
1,0.585598276612687
0,1.22328689143866
1,-2.00664712190939
1,-1.10925559811466
1,1.43378477080307
0,-0.664630507228678
0,1.86719148349858
0,0.686423776812295
1,-1.08162006971197
1,-1.46110526651349
1,2.31606518910557
1,-3.14005395612198
1,0.727512026607921
0,1.43699550975172
1,1.7261135282187
0,-1.74217144149846
0,1.31006447186769
1,-0.371355236784144
1,0.610973208564479
1,-1.28432085564988
0,-1.78120033554587
0,-0.535676034243362
1,-1.49204029896009
1,-2.09969758380503
0,-1.07130618905467
0,-0.433897936316837
0,1.8370564739087
0,2.85098512308893
1,0.426288497378696
0,1.30506418868943
1,-1.73645907397714
1,0.423830016476478
0,1.05909979000283
0,-2.30636843134553
1,0.591121007281204
1,1.11114885379
0,1.75684289206513
1,-3.02184788171573
1,1.55576299214416
1,-0.990273811377659
0,-1.0918138373157
1,0.415804390901467
0,0.518693621032489
0,-2.78343578562276
1,-1.99545502588528
0,-0.304319208681227
0,1.76014029386567
0,1.85332497281117
0,-0.955736625694139
1,1.3527616742116
0,1.48282980525135
0,0.0954519083736991
1,1.42811987336608
1,1.06803070158308
1,-2.62366773224175
1,-3.3717742991146
0,1.64635855625356
1,-0.29226298682237
0,-0.649457927962217
0,1.79249853090193
0,-2.01840780221254
0,-1.72969390446608
0,0.996200233616541
0,0.113659447198936
1,0.771957070064693
0,1.32294460272661
0,-0.873243043062677
0,-0.918773571782906
1,-1.13631260447721
0,1.12028228271015
0,0.289831543362502
0,1.41594359418535
0,1.58897586485971
1,0.937452278418806
0,0.0185374184101165
1,-2.09091588691452
0,-2.14517757172302
0,0.328618090169038
1,-0.0234142215783658
1,1.40316337744799
0,-2.328795845937
0,-0.483564395604799
1,-0.0524984938005425
0,0.923598886046295
0,1.2240856956718
0,1.34793784013112
1,-1.69990771616078
0,1.0415810577153
1,-1.63401749870847
0,-0.00933410069775726
1,0.857824963024272
1,1.11851768111456
1,-0.4333359644974
0,1.74504148456681
1,0.347730849688651
0,0.407990111606288
0,0.901746347457603
0,-0.637507131165454
0,3.35895051705084
1,-2.71992368366556
0,-0.0298774388616326
1,-1.14798225670199
1,-0.237164295785914
0,0.262686908183197
0,-0.0338165037281385
1,-0.356109287886922
0,-0.447986908230968
1,0.212646688395385
1,0.294299441892326
0,-1.51687006620854
0,-1.10632553891816
0,1.57968473727773
1,2.27500482730744
0,1.10035517875388
0,1.73821511273336
0,1.86986097646977
1,0.538450648321564
1,0.850270886391018
0,-2.57850170071798
0,2.03668053797392
0,0.267371595643908
1,-0.039307416228318
0,0.26621867779054
0,-0.585550525122217
1,1.07867339751589
1,-1.19714879568768
0,0.803701827229022
1,0.868978904717307
1,-0.906597403385992
0,0.376802941315584
1,0.830287526020978
0,-1.4302686728823
1,-1.60330341017635
1,0.381618334141854
0,0.895619734975606
0,-0.573009006248986
1,0.75041102624295
0,1.92522715394767
0,-0.514782840965935
1,-1.97959184642831
0,0.792475990048297
1,-0.233734436755503
0,-0.494268591101093
0,-0.645600583794756
1,-0.40552430627443
0,-0.182474568349042
0,1.29996268872278
1,0.634970721830446
0,-1.56457875042964
0,0.770209784084518
1,0.756158457621312
0,-0.648672127729134
0,-0.633649802139463
1,-1.45539185469215
0,2.61436282949313
1,1.05932850749425
1,0.417872902550183
0,0.15905135430216
1,1.22096086394538
1,1.61633845663356
1,-2.75650518500849
1,-1.34546190563211
0,1.25578645908406
1,-0.333667295160323
0,3.77176858722274
0,-0.412456385887512
1,-1.89924338143905
1,-1.64412298894661
1,1.23205811358275
1,0.752148042065543
1,-0.0840217507507522
0,-0.238490119018873
1,0.764094379265739
1,2.48568326222848
1,0.9514135724997
0,0.232401990715289
0,-0.187666211931329
0,-0.0234467425991585
1,-3.04096332907833
0,0.226122227786982
0,1.02954445439437
1,1.3747131763341
0,-1.48192469915775
1,-1.10568979657661
0,1.93575725826226
0,-1.84885533978523
1,-1.02935477867749
0,0.170827370355682
1,-2.25320547414045
1,-0.122575597179191
1,-2.81334773667651
0,1.44888866860818
1,2.06604649026073
0,2.23494115144954
0,-2.66068801531274
1,3.60695856802502
0,-1.28273322702013
0,1.72563819837355
1,-0.698881648174655
1,-0.754696530305017
0,2.60045471712598
0,-0.058452920801661
0,0.187932285127102
1,-0.353226083060121
0,-2.01568689001198
1,0.202261095102745
1,1.32329099927453
0,-0.867947478657322
0,1.54743399710244
1,-0.596514159054611
0,1.07832234663737
0,0.0666390464839468
0,0.561439822482003
1,0.179770435481316
0,-1.15516717681356
1,-2.61501353058591
1,-0.202333065998363
1,0.429223967407666
1,1.62029641694961
0,1.15733328115558
1,0.150078343159754
1,1.59962020613153
1,0.813270272045775
1,0.318004305714253
0,-0.148730224242682
1,-0.811408668757277
0,-0.857388842210942
1,-2.08476204576302
0,-0.543468693137363
1,0.18921661094958
1,-1.84658344386239
1,-0.308024401277422
0,-1.81854103432882
0,1.92286573971637
0,0.331225328006893
0,-0.619474672161539
0,1.54516721122822
0,-2.501587407213
0,1.54191863718678
0,0.659509841176624
1,0.667036019543491
0,-0.0961563020185973
0,-0.303175599405486
1,0.316224115034899
0,1.65096362886685
0,0.0570311355767169
0,0.189661452540178
0,0.863432226523696
1,0.0795569441906717
1,-0.586262593408798
0,-0.0904481737466912
1,0.752789217849377
0,-0.387851522687246
0,-2.20189916839793
0,-0.042523068309498
1,0.819173466176045
0,1.54802612077966
1,-0.0661824296458453
0,-1.58116375668227
1,2.50240596883225
0,1.55958867613948
1,0.0521638923742891
1,-3.1540302076872
1,0.125995271421699
1,0.719957257294043
1,0.725267566164165
0,-1.11095573752385
1,0.0503628727896312
0,0.879487859844524
1,-0.564089012872911
0,-0.733988847083028
0,1.94768222044997
0,-1.27819542783554
1,0.120562381328438
1,-0.456338580033028
0,0.906439074137712
0,1.4733957773248
1,-0.58836861108916
1,1.48177371569881
0,1.02109355339952
1,-0.451230343128625
0,1.06350178178551
1,-1.44085942595764
1,-0.0119563125793729
1,-1.15587886729664
1,0.0758858311253312
0,-0.79621830223023
0,1.0466265791517
1,0.515967102703299
0,-0.486254788095681
0,1.02068047387897
1,0.688847851959101
1,-1.16160277446868
1,-2.80141899515449
1,0.260367468227534
1,2.40452988550492
0,0.361173306919461
0,2.13471072832546
1,-1.87873815279673
1,-1.08390309505495
0,1.6683487526223
0,3.2504563983904
1,0.852433555645746
1,-1.4655450084547
1,0.528098402065654
1,-0.263727976448088
1,0.00417767594937113
1,-0.708935650774233
0,-0.248481059504922
1,-2.22447300357131
1,1.25217111464936
1,0.725646383655469
1,0.670224151795445
1,-0.301154035275515
1,-2.11237544086446
1,0.592348083063298
0,1.80604132995929
0,0.481268779120622
1,-0.284674685551696
1,-1.19260560980791
0,-1.1224005991466
0,-0.723363763100899
0,-0.667013815918652
1,-1.33278866482826
0,1.60868482067976
0,0.42515771814563
0,-2.25961859756118
0,1.69825577091451
1,0.347014123160632
0,0.457207557044436
1,0.636203804695894
0,0.155734848578716
1,-2.00261364579388
0,0.70571904501989
0,0.861625475639772
0,0.0696601943420431
1,-1.21980587485388
1,-1.34816157940747
0,0.481222173081483
0,0.775368254925123
0,1.4246100102087
1,0.107111340079958
0,-1.09907710946681
0,1.8372230896045
1,0.3583215545158
0,-3.11816793540664
0,-0.700618894353516
0,1.40062606862131
1,-2.53399467096468
0,0.269018721857161
0,-0.126197735246323
0,-1.70258164628301
0,0.0907300837652055
0,-0.337445919197247
1,-0.364262711841488
0,0.941732091394063
0,1.03692533123484
0,1.30262853104937
0,-1.37933369331412
1,-1.79383126540849
1,1.16358605923928
1,0.319131827499113
0,-1.02407345194332
1,0.913182458166853
0,0.140375863493892
1,-0.0275962338242988
0,1.31556484343612
0,-0.113363678387825
0,0.197658761417805
1,-1.64877821722416
0,0.79131100649271
0,1.38012177976379
0,-1.44468307703062
1,0.773199231873939
1,1.88454660287047
1,-0.759256413413034
1,-2.79848392144029
1,0.532780476550668
1,1.29574705101486
1,-1.58625983775705
1,-0.549807447016841
1,-0.901906265009675
0,-0.679811276021142
0,1.06276048726334
0,-1.85052089805106
1,-0.223618243901741
1,-1.18369682575054
1,1.76553368710494
1,-1.23206679790979
0,3.55008005488115
0,0.624055689216619
1,-0.818152822828509
1,2.33719291439749
1,0.525150789294822
1,-2.22117419402812
1,1.70852604294805
0,-0.284302431192153
0,-0.729383071942856
0,0.0734883593311829
0,0.30914836078653
0,-0.0674249742410389
0,1.1595268495867
1,2.17566691751905
1,0.9540135883859
0,2.55553181302997
1,-2.15604673816127
0,1.12338418749617
1,-0.892680332650036
0,0.939531860696411
0,0.32934811438953
0,1.69342103241309
0,-3.1860827913281
0,1.95895451081733
1,-0.525817034209295
0,0.946384144798316
0,1.1253626408041
0,0.0455083867087713
1,-0.934443580834126
1,-3.02339942282228
0,-0.724478431025058
0,1.88820271766599
1,-1.73614133120026
1,-0.952514470888955
1,-2.51602904386511
1,0.622146640697905
0,-0.233893690026587
0,-1.20003857194916
0,0.90348046739369
1,-1.07079670738834
1,0.0973195595760608
1,0.838824678935749
1,0.926038387373301
0,0.00532260342229268
0,3.30530317709415
0,-1.12157261868169
1,1.29939386981209
0,-1.0393302925901
0,0.613642070153969
1,0.991710856214126
0,0.849772075046444
0,0.84001448869833
0,0.755370947791016
0,-0.777705015071638
0,0.929022795497845
1,0.633660400799609
1,-2.45068252884573
0,-2.45262049879292
1,-3.06120598304297
1,-1.20790403275343
0,1.83375739253936
0,0.67956179818711
1,0.612155274401771
1,0.530928286708935
0,0.0111665737428135
0,0.25009022067809
1,-0.492868391211208
0,1.56479090995087
0,1.4831824073307
1,-0.022681348828235
0,-0.239201167776058
0,-0.60360038422283
1,1.39927272542827
1,-2.09518351091358
1,-1.00394372842213
1,-1.41772488189864
0,-1.0936443539338
0,0.89895764070405
1,-0.2015530594724
1,-0.822247775055709
1,-0.390967962717631
0,-1.37211291973853
0,1.93370969458954
1,-0.850500345232455
0,1.13173580378469
1,-0.550088215688652
0,-0.360391679177032
1,-0.0578369685624765
1,0.66547060737911
1,-0.140516869155977
0,-0.0701244057186252
1,-0.973924921665362
1,0.294135529452945
0,0.892055440487758
0,0.769258620086672
1,-0.577443030150556
1,0.0151290940125695
0,-0.200349563403143
0,1.57601976510994
1,-0.641529099714374
0,2.37466495905172
1,-0.275409302057199
1,2.06523704813541
0,1.71065576446658
0,2.51224730855162
0,1.65855308266907
1,-1.82578062208947
0,0.883983634801292
1,0.777620834646344
0,-0.980977390555707
1,-0.505762694309562
0,-1.2346060784404
0,1.56075338630452
0,-1.61496761003875
0,-0.383449128456831
1,-3.69076151450717
0,0.523314262147776
1,0.934199618880325
1,-0.905847409080426
1,-1.78073282228426
1,-1.5445969780239
0,-0.0253506550818939
0,0.473609161772723
0,2.46386299575957
1,-1.67309005612158
1,-1.97309720701968
1,-2.00998619685637
0,1.96374491689432
0,2.82513236791852
1,-0.787092767063595
1,-0.260875295355598
1,-1.01949888841858
0,0.390630833646853
0,0.658161161724805
1,-0.871836546574242
1,-0.620502429624645
0,-1.86470556512961
0,-2.22518131091545
1,-0.600045707852716
0,2.37908230853777
1,-0.943918756373413
0,-0.00466669656697239
1,-0.144071885272458
0,1.51725055408599
1,0.637177115082267
0,-0.927956993005014
0,-0.662773163738702
0,1.48415447744203
0,3.37534891800018
0,1.09132965385527
0,0.367299275290388
0,-0.865444587290777
1,-1.49254024108254
1,-1.21018179609422
1,-1.56412465637598
1,0.477945496413049
0,-1.78948694708376
1,-1.90941556784685
1,-2.56068790136537
0,0.941418481425534
0,-0.604104379082091
1,1.37074524755309
1,3.48450223064254
0,2.35784147100268
1,-2.20646885198597
0,1.14914752374527
1,0.864554369184665
1,0.986492699138017
0,1.05632365712527
0,0.375862259403106
0,-1.01075161772993
1,1.77836252949709
0,0.908444198436722
0,1.18330657086452
1,-0.0234419656696697
1,1.16283382391851
1,1.36467705488961
1,-0.287921698987785
0,-0.445331729253783
0,-3.20698555139224
1,-0.186216757491438
0,2.66135274507447
0,-0.692637611016493
1,-2.76068158946509
0,1.15159582163284
0,-0.370784826550357
0,1.44181791184552
1,0.829913966782371
1,0.99946973209016
0,1.26129497611289
0,0.631956233690299
0,1.55316434898606
0,0.473466962153805
1,-0.0593634456061184
0,1.22116172004374
0,2.00782094025263
1,-1.22359387859982
0,-2.27308170987446
0,0.502466383900565
0,-1.83744984067921
0,2.40247845052858
0,1.20010009793766
0,-0.442974516575881
0,-0.177878945249999
0,-0.53583533927334
0,1.41116480186697
1,-1.53722439660014
0,3.03174729363589
1,0.0476209097168668
0,-2.00270729739362
0,0.745987174480867
0,1.33617650206581
1,0.29913834696968
1,0.793793330797703
0,-0.107635548930216
1,0.411097119568504
1,2.26862359723373
0,1.1843090754147
1,0.154334625717149
1,-1.23292396228038
1,-2.50455985346612
0,-2.08216634079737
1,-0.818145245887019
1,-0.840440733763743
1,1.34020686062485
1,0.215138400266043
0,0.268006650476921
0,1.58656903342511
1,0.835309338298508
1,1.03968017750187
0,-0.907061911981664
0,0.721794228032899
0,1.71839915195914
1,0.80140572284241
1,-2.60936069901356
1,1.19731919841967
1,0.460471243767152
1,-1.62182226322124
0,-0.715371041419506
0,2.06816495120151
0,-0.345784869056557
0,-0.192370485627709
0,-2.60782066077673
1,0.188623135306097
0,3.31234308300798
0,-0.419421206117925
0,-0.0605783783523177
1,1.73582397907069
1,-2.01856844350701
1,-0.152575009960669
0,-0.684515751034805
0,2.2468891456965
0,0.821240517718386
0,-0.634521678685197
0,0.177071069986926
0,2.59419781220979
1,1.16291398609515
1,-2.25950017415455
1,-0.760993307944557
0,-0.207597775865797
0,1.76610809732729
0,0.695527805879171
0,0.598794411833165
1,-0.971121652696026
0,1.08028241709098
1,-1.28672550689091
0,0.0930208957320087
0,-0.617332010627769
1,-1.68289196102827
1,0.530367537541874
0,-1.44267362759644
0,2.61073168094223
1,-1.15288905931711
1,-1.68084000084089
1,0.923881281150272
1,1.09359324917065
0,2.93087204205638
1,-1.67543882795258
0,-0.519589627366338
1,1.25429698770715
1,-0.348854710616489
1,-1.26177159102772
1,-0.313103669978007
0,-0.629786382840618
0,-1.46914959172032
0,1.80989801686445
1,-0.88762232095166
0,-1.30381125479303
0,3.12667066725808
0,-0.254675810102954
1,0.481068315677984
0,-1.32790322958873
1,-0.457995421421854
1,1.06627296442995
0,0.640847899856554
1,1.23320668549216
1,0.763465120250146
1,-1.85408551230151
1,-0.904788768218081
0,-0.912951792537358
1,-0.114995101156256
1,-0.191531378166612
0,-1.26255105762853
0,0.900161248855564
1,-1.61607864337572
1,-1.81001169612341
0,-0.266399713675659
0,0.943533320383441
0,1.60137490032501
0,-0.958573389777776
1,2.19512219155375
0,-1.28804790729886
1,2.17877252322441
1,-2.64170313795784
0,0.818601215073089
0,1.33442340674804
1,-0.628640790914851
1,-1.26858682486184
1,-1.87067517135416
1,-0.94063335061138
0,1.14717932460344
0,-0.169953093417997
0,-2.73231554887028
0,-0.0973456922346642
1,-2.24512855951351
0,1.16350109502294
1,1.41955692231837
0,2.27811461859506
1,-0.182667927642249
0,-0.148620884234774
0,-0.582570140656536
0,-0.607999988219169
0,1.99107642599032
1,1.92811443036096
0,-0.406675844861067
1,-1.63852753414217
1,-1.27743238936595
1,0.913543966518036
0,-0.948378031249086
0,0.188128851650012
1,1.72286201444663
1,0.356854102893942
0,1.33238184329834
0,-1.45337084455858
0,-0.631487458804188
0,0.621339766752504
1,-0.498579624723541
1,1.76301480842109
1,-3.62162042570882
0,1.18304293874085
0,0.219192922464635
1,-0.0339109984932936
0,1.05770240897488
1,0.500031861053121
1,-0.937416661691884
1,0.543101186288507
1,2.31051952712488
1,0.317197136098523
0,-0.132714384901617
1,3.08707637132865
0,0.737579589614006
1,2.64200238473271
0,0.0636219771995911
1,-0.893253451377121
0,-0.0505069603717593
0,0.439123880111666
0,1.45508860118013
1,-1.7281242951058
1,0.0185771115081543
1,-1.38093924059831
0,1.42668335483322
0,-0.310109386429394
1,3.10971997942552
1,-1.08814319040768
1,0.413801121172088
1,-2.4778939928007
0,-0.506208406437184
0,1.9636403281299
1,-1.01171438137506
1,1.68674230642449
1,0.79113404642463
0,0.26325263378778
0,-0.368545949124314
1,1.15484003524246
1,0.113901695828071
0,3.22231764625723
0,-1.42851681660616
0,3.09648685489199
1,-0.0843936856742133
0,1.02028786719613
0,-1.58751026682994
1,1.60614214654331
1,1.9128148006296
0,0.61409905152338
1,1.48834545112745
1,-2.79492601136103
1,0.316590918913841
1,-0.0769792617544192
1,-0.316421623776704
1,0.168917685121697
1,0.605456529704664
1,1.02348458608845
1,1.40626437423153
0,0.887959745738862
0,-1.17559558422202
1,-0.829620290821939
1,0.810603041425551
1,-1.63719270697806
0,0.255757703549633
1,-0.633474226687433
0,0.1896110021619
0,0.696693193351014
0,-0.645725593595087
0,1.53062572737936
0,-3.02318817046282
0,3.1371758492307
0,1.29239984719192
0,-0.294127551332359
0,0.685133302356167
0,1.49814628386259
0,1.69556774579486
0,-0.423090405424916
0,2.12775564278486
0,-0.18274385525233
0,0.367966073229368
0,1.32059822755989
1,-2.47560681188195
0,1.43545170856486
1,-0.620318064275192
0,0.979704761909358
0,0.537171936249743
0,-0.913554494397575
0,0.862540716693191
0,1.03620333895629
1,0.68355397126709
0,-1.59140986903885
1,1.39840393200601
0,-0.839063504636076
1,0.834996202645672
1,1.82335605315518
1,1.32821580628756
1,0.11374293148874
0,1.24652661054407
0,-1.80754354851993
1,3.17671954001945
0,-2.60316400700051
1,0.569294059857238
1,0.525583456633093
1,-0.986889510598012
1,-1.88405122647509
1,1.14282650799197
0,-0.875238517649477
1,-1.11926679653619
0,1.0156814944871
0,2.0575582687374
1,2.01179294724148
1,-1.89926243752715
1,3.20011257712221
0,0.669287921812498
0,0.0518602044527854
0,0.321683624028869
1,-0.840869792838736
0,0.530248023430766
0,1.04987933073446
1,0.295780245866617
1,-0.675432592234712
0,0.989576021339493
1,-0.953182993830755
1,-0.313609080005574
1,-2.55456836232184
1,-0.0623429911098503
0,2.00625820043141
1,0.570750777734624
0,0.291464157890272
1,-0.311493823983347
0,-0.930259249190241
0,-0.043047634080004
0,1.40008157218185
1,-0.74063411957672
0,-0.519867163470849
1,0.979006932139371
1,2.48600779905538
0,-0.399236460875035
1,-1.07125188776136
0,-0.0233906858110828
1,-0.510937206389784
1,0.0708069840862544
1,-0.680964489193341
0,-2.17464803576388
0,-1.44734521473706
0,0.381777673872388
1,-0.729560316419918
1,-1.11252951728725
1,-0.412711353186867
1,-0.610598401613868
0,-0.280059809622545
0,1.42985416746797
0,0.450875507512494
1,0.230511836572661
1,-0.572513640886011
0,-0.891859328186406
0,-1.59817878630325
0,-1.05807616257581
1,-2.61183799411978
0,1.12236948528063
0,1.07625941564266
1,0.0694239473593505
0,-0.254702794470113
0,4.72992153084067
0,1.2764476724311
0,-0.250279062441055
0,-1.21031300591359
1,-0.782411681898267
1,-2.29312517881533
0,-0.288219915074297
1,1.68147986534146
1,-0.440937435227806
1,-1.19288907505893
0,-0.327093052538252
0,0.900402837861333
0,2.21226571197041
1,2.75677688902868
1,-0.177033293133258
1,-0.475941580803076
1,-0.379394815454434
0,0.535760118635394
1,-2.51115893282042
1,0.491277335980178
1,-1.02076811832909
0,0.539603603062368
0,-0.867365724094469
0,-0.259796870682928
0,-0.333930501787115
0,0.599438434233369
1,-1.01822936644065
0,0.4617398960196
1,-1.1002218579182
0,1.20088614458177
1,-2.74425800785383
1,-2.12999155875023
1,-1.22254570351272
1,-0.752982352339396
0,0.983740737258946
1,-1.32893282704894
0,1.68192456770072
0,0.078794973432941
1,-0.489604320316868
1,1.81803856667571
0,2.31548757543141
0,-2.71996641600295
0,1.95523299969259
0,0.39651350507976
0,1.74150030136943
1,0.386237023858193
0,0.0304126077388455
0,0.33961588311748
0,-0.0842756352589034
0,0.434206986993065
1,0.733316302513934
0,2.03651973083916
0,2.05165322384527
0,2.59138129553853
0,0.134947773571115
1,2.1545669357082
1,0.292088229810551
1,1.5151429700858
1,0.250300252876142
1,-0.555701567357724
1,1.0470657881905
0,1.25388667542222
0,-0.748144509123022
0,1.26161276522034
0,0.795966482770776
0,0.378724599161659
1,1.38636166181257
1,-1.02371986270634
0,0.260098999100403
0,1.15281567955461
1,-1.5529993268384
0,0.496565292365234
0,0.858711632602294
1,-2.72957937256068
0,-1.40809995212445
0,-1.10420954258716
1,-0.542168325048751
1,0.215452454915565
0,0.185829446295906
1,-0.262639821086634
0,1.14016997432601
0,1.31819669802111
0,2.16387655184749
0,-1.59959718722798
0,-0.399861162915858
1,-1.08475114565652
1,-0.193565956580987
0,0.237660371423276
1,0.215474455032907
1,1.97700673694868
1,0.0130239089188115
1,0.306076208139478
1,2.1162994741692
0,-1.36232645674206
1,-0.854440076096791
0,-0.771460129177681
0,1.28083565450553
0,1.21985518506094
1,-2.77660145558173
1,2.10498889283378
1,-1.83128502639552
1,-2.05746796007403
0,1.75752437125316
1,-1.90006652867903
0,0.731528214149938
0,0.613448452118448
1,1.00542923775418
1,-1.96956766410933
0,-0.147694604239105
1,0.198531047924512
0,0.105435718213059
0,-0.630948170238876
1,0.0772172187826912
0,1.4367298309215
0,-2.70898731753607
1,-1.25827486702303
1,2.35772450745006
1,-0.224968336512593
1,3.67671178560281
1,0.995271281434668
1,0.330230238886344
1,2.71967002478379
0,-0.839342795979154
0,0.931529574625485
0,0.782028513645413
1,0.692073902004481
1,-0.647078433310122
0,-1.70941937823481
0,0.670112181725589
1,-1.92894370926537
1,-0.979401645991344
0,2.33480458060273
1,0.382513120675961
1,-1.75433617975894
0,0.494082962376641
0,-0.400714600528245
1,0.330314382880241
1,2.33140910570458
1,2.02479959631216
1,1.29690150181341
0,-1.12897928049588
0,0.183693530897489
1,0.566882900539706
0,0.856551442008747
1,-1.79742580718148
1,-1.84019972159364
1,0.82275700231807
0,1.40149317214951
0,0.284800056281872
1,-1.57041682325031
0,1.80465907554734
0,-0.472161864280176
0,-1.34370625399672
0,2.09309187940648
1,-1.18692049654053
1,0.89193156961815
1,-1.04216890330313
0,0.402966852176872
0,-0.670028048264168
1,0.966105118799123
1,0.468384076337322
1,1.40655580134197
0,-1.21857257234293
1,-1.66233697538296
1,0.740442726543451
0,0.626450351718389
0,-2.72012651350132
0,-0.662364315715844
0,2.54315720180298
1,-0.373169139086856
1,-1.23783248799742
0,0.242543424761505
0,1.1755661441941
0,-0.0870832380766617
1,-0.944688011399687
1,-1.8625788760176
0,-1.06117856593987
0,-0.0306689821747201
0,-0.337287900681255
0,0.830219169701628
0,-2.30984747060127
0,-0.868135404408646
1,-1.88946914812047
0,0.562523698911381
1,-0.315164328528336
0,-1.3507383444446
1,1.60479081226426
0,1.03111457170152
0,2.27336134120515
0,-0.661570096982771
1,-1.00768336134199
0,0.792930013142389
1,-0.697453493919682
1,2.35035736213658
0,0.953782134571598
1,0.296718775627303
1,-2.93173118465876
0,0.390796950911391
1,1.45847216379921
1,0.849185132916132
0,-2.85266352393719
0,0.538409392889966
0,0.450254513205185
1,-0.923796282731144
1,0.274517545889772
0,1.46313225810966
0,-0.130626025938157
0,-1.72336655288738
0,0.557849032082239
1,-1.68536369441222
0,0.982491660447959
1,1.30978317786685
0,1.98514988138161
0,0.79411560128779
1,1.25653573586672
1,-0.65489499291825
1,-0.410402078997633
0,1.94765413537851
1,-0.134985637224106
0,0.352887222050643
1,0.188520121224587
1,-0.823467712174343
1,1.91537207283029
0,-1.41529505035573
1,-1.22754222499312
0,1.1186579740351
1,0.660334275401722
0,2.04525275080432
1,-0.691507212637043
1,-0.573094390996285
0,-0.919105893412627
0,1.14616803177142
1,-2.49133191848059
1,2.2065875056144
0,2.2578247211164
0,-0.695592764775735
1,0.132930790703915
1,-1.21145169666946
1,-0.230375620626533
0,-0.829378727554049
0,-1.36600344836278
0,1.26514804030455
0,-0.152051280089363
0,1.25675570766847
0,2.89464355383213
0,3.95513684643727
1,-1.59472575825523
0,-2.86060243086983
0,2.5339348849235
0,0.417446812772794
0,2.14959263676339
0,0.782226184652673
1,-1.28322092273849
0,2.82057570392613
0,-0.401958425459509
0,1.12578239468286
1,-0.360274649666338
1,-1.42197180905049
0,1.71837468943036
1,-0.240773604584118
0,0.542160995232018
1,2.69980738323781
0,1.62643343113126
0,-0.600492945660807
0,-0.250485444585797
1,-0.46435959974928
1,0.186296575017042
0,2.88634423577672
1,-0.316907454824812
0,1.11370778505286
0,0.407075319335776
0,-0.00259117225296818
1,-0.806879130473156
1,-0.849146643328491
1,-0.0256005322895573
1,1.06551475560853
0,1.45596152948511
0,1.99201534777754
1,1.27685900753619
0,0.0393517695385505
0,-1.18981164233127
0,3.03648912585833
1,-0.705149873867242
0,2.46133376215745
0,1.48420190256902
0,-0.8304530035773
0,0.464177695993174
1,-1.09416300477678
1,0.262040669797989
1,-0.517221659234739
1,1.73302862384783
1,0.168759450722812
1,-1.75362226888755
0,1.20596314100167
0,1.68499489508336
0,-0.66403789218944
1,1.94869060546688
1,0.431642877620712
1,-1.4818311897169
0,0.0383985949043774
0,0.85082374828925
1,0.0870892441836077
1,1.30411800214696
1,-2.38045025835682
1,1.32130631772054
0,-0.707548673041997
0,0.833566364471186
1,-0.774366939573127
1,-1.47911885694952
0,2.2273775858298
0,0.000196711218542221
1,-1.40600358635433
1,0.230702872666727
0,0.623399961985824
0,1.44283131546222
0,-1.20938587751627
1,-0.512469312885198
1,0.0989986289010155
0,0.307688710809718
1,-1.49711227050323
1,0.524800010463408
1,1.10031855077227
1,-2.97698309943676
1,-0.680165785304156
1,-3.14021946584992
0,0.498011338718399
0,0.720105788788246
1,0.247387125856527
0,-1.72588302225514
0,-1.11099321413256
1,-0.321810918013213
1,0.00779945146664594
1,-0.788960907510205
0,2.15191722856144
0,0.934969251199517
1,0.160881409434067
1,-0.984825299992602
0,-2.66637028246213
0,0.0451878836507585
0,0.518167922917653
1,-0.894555561014498
0,-0.023304106881999
0,0.639551993288148
0,1.1796895237152
0,0.677402443451248
0,-0.413962864120404
1,-0.554030224541093
1,-0.611316091366779
0,-0.629375362846384
1,-1.98221354862122
1,-1.41209358365804
0,0.727756220938077
1,-0.876312714497258
1,-0.702078394280088
1,0.488478888391729
0,2.2359581398154
0,0.847216616829202
1,0.487840320865164
1,-0.948298618086776
1,0.646896187682143
0,0.798553205860814
1,1.9043725052355
0,-0.881155960359624
1,0.543039101276178
1,-1.44732828278165
0,-0.509670063109069
1,0.30746616022242
0,1.87051685943915
0,-1.96840070205198
0,-0.10062307728007
0,0.628179061605054
0,-0.726112290089942
0,2.18722411346502
0,-1.68077039791541
0,0.638876813098183
0,2.00165863926548
0,-0.570075382212242
1,2.14457500671725
1,0.204394819898276
0,0.386024210652658
0,-0.592300839345191
0,2.56658981575171
1,1.06758183272044
1,-0.138258393766878
0,1.08557699060914
1,1.14137676910597
0,0.609674910504119
1,-1.43629829394638
0,1.04630010782317
1,1.09225645409476
1,-0.8133200862768
0,0.609889766109714
0,-0.520098934942937
0,0.848146905309997
0,-0.875740962615734
0,0.377517386426983
1,2.06098194932755
0,0.0275939359769338
1,2.11091920940341
0,-1.67736395941972
1,0.12656937255853
0,1.48783894414011
0,1.81083264027972
0,1.66028075027254
0,-0.0990398636112151
1,-1.76610795204132
1,-1.16848377102574
1,0.0312590619586702
0,1.33156378922717
1,1.11885919881829
1,-1.37214365146707
1,0.854163303855342
1,-0.896529219571818
1,0.774352011590853
1,-1.61868493493702
1,2.32546851832675
1,0.864223783244442
1,-0.0296974725044457
0,0.661817652116034
1,-0.859217030008629
0,-1.17463520328459
0,-1.00629648461636
1,-0.178657596814603
1,1.7896152466829
1,0.0718382194594444
0,2.32053198011328
1,-1.08570294519359
1,1.72817328516691
0,0.17179231173559
0,-0.730814799766913
0,2.61657713538839
0,0.733387068486921
0,1.55828215082891
1,1.74382006878713
1,-1.12479804182842
1,-3.01108819236653
1,-1.34931463267397
0,1.01991963561397
1,-1.54047211297471
0,2.91484594016017
1,1.06555372047125
0,-0.313169984060642
1,1.53176558577054
1,-2.34167276834834
0,-1.5978655688058
1,1.65910706483267
1,0.650464217399187
0,1.33883551242709
1,1.06074998596555
1,-2.2007898050229
0,0.211415962646442
1,-0.617346004718166
0,1.10681357869174
1,0.93772800114009
0,0.941098443390736
