"","Y","A","V1","V2","V3","V4","V5","V6","V7","V8","V9","V10","V11","V12","V13","V14","V15","V16","V17","V18","V19","V20","V21","V22","Ytrue"
"1",0,0,0,0,0,0,0,0,0,0,0,0,0,0,0,0,0,0,0,0,0,0,0,0.916290731874155,0.49333841167587
"2",1,1,0.05,0.13,0.05,0.26,0.42,0.76,0.26,0.97,0.57,1.23,0,0.1,0.47,0,3.23,0,1.49,0,0.99,0.34,0,1.77968688799379,0.369990214714593
"3",0,0,0.83,0,0,0,0,0,0,0.27,0.27,0,0,0,0,0,1.1,0,0.27,0,0,0,1.93,0.207826847202317,0.204606650048544
"4",0,0,0,0,0,0,0,0,0,2.46,0,0,0,0,0,0,6.17,0,2.46,0,0,0,0,0.693147180559945,0.053333655418898
"5",0,0,0,0,0,0,0,0.33,0,0,0.33,0,0,0,0,0,2,0,0.33,0,0,0.33,0,0.433080275141138,0.322522408853336
"6",0,0,0,0,0,0,0,0,0,0,0,0,0,0,0,0,7.69,0,0,0,0,0,0,0.510425543744651,0.0358042126370114
"7",0,0,0,0,0,0,0,0,0,0,0,0,0,0,0,0,3.22,0,0,0,0,0,0,0.832909122935104,0.195311253997098
"8",0,0,0,0,0.31,0.62,0,1.25,0,0,0,0,0,0,0,0.62,0.93,0,0.62,0.31,0,0.31,0,2.22115809429832,0.309040820724493
"9",1,0,0,0,0,0,0,0,0,1.25,0,0,0,0,0,0,1.25,0,0,0,0,0,0,0.522951803563831,0.443789888231986
"10",0,0,0.33,0,0,0,0,0,0,0.33,0,0,0,0,0,0,1.01,0,0.67,0,0,0,1.35,0.726581956646183,0.233136705771797
"11",0,0,0.55,0,0,0,0,1.1,0,0,0,0,0,0,0,0.55,0,0,1.1,0,0,0,0.55,0.624332864559586,0.446267902148752
"12",0,0,0,0,0,0,0,1.24,0,0,0,0,0,0,0,0,1.65,0,0,9.95,0,0,0,2.00363982826355,0.0334824573104419
"13",0,0,0,0.25,0,0.25,0,0,0,1.5,0.25,0,0,0.25,0.5,0,2.5,0,1.5,0,0,0.25,0,1.05291732940598,0.244565785677051
"14",1,0,0,0,0,0,0,0,0,0,0,0,0,0,0,0,0,0,0,0,0,0,3.03,0.8419981272923,0.229874248857027
"15",1,1,0,0,0.56,0,0,0.56,0.28,0.56,0.28,0,0,1.41,0.28,0,1.97,0,1.12,0,0,0,0,2.22462355152433,0.564874853590958
"16",0,0,0.54,0,0,0,0,0.54,0,0,0,0,0,0.54,0,0,1.64,0,0.54,0,0,0,0,0.677525799656989,0.360593980028893
"17",0,0,0,0,0,0,0,0,0,0.99,0,0,0,0,0,0,0,0,0,0,0,0,2.97,0.551583616238158,0.286032765339858
"18",0,1,1.17,0,0,0,0,2.35,0,1.17,0,0,0,1.17,0,0,2.35,0,3.52,0,0,0,0,1.65822807660353,0.523809221630983
"19",1,0,0,0,0,0,0,0,0,0,0,0,0,0,0,0,0,0,0,0,0,0,0,0.693147180559945,0.507136380251162
"20",1,0,0.58,0,0,0,0,0,0,0,0,0,0,0,0,0,0.58,0,0,0,0,0,0.58,1.86066344787527,0.281393890642991
"21",1,0,0.19,0.32,0.38,0,0.06,0,0,0.64,0.25,0,0.12,0,0,0.12,1.67,0.06,0.7,0,0.19,0,0,0.549276810140243,0.274121465479657
"22",0,0,0,0,0,0,0,0,0,0,0,0,0,0,0,0,0,0,0,0,0,0,0,0.693147180559945,0.507136380251162
"23",1,0,1.21,0,0,0,0,0,0,2.43,0,0,0,0,0,0,0,0,1.21,0,0,0,0,0.287432041196572,0.467528123108098
"24",1,0,0,0.51,0,0,0,0,0,0,0.51,0,0,0.51,0,0,1.03,0,0,0,0,0,0,0.197210169287705,0.489668661638675
"25",0,0,0.82,0,0,0,0,0,0,0,0,0,0,0,0,0,0.82,0,1.1,1.93,0,0,0,1.90106220411851,0.144847836193704
"26",0,0,0,0,0,0,0,0,0,0,0,0,0,0,0,0,0,0,0,0,0,0,0,0,0.549833997312478
"27",1,1,0.63,0,0,0,0,0,0.42,0,0.21,0,0,0.84,0,0.42,1.9,0,0,0,0.21,0,0,1.06194830429652,0.554450046011433
"28",0,0,0,0,0,0,0,0,0,0,1.61,0,0,0,0,0,0,0,0,0,0,0,0,0.324977857195478,0.587701145117374
"29",0,0,0,0,0,0,0,0,0,0.91,0,0,0,0,0,0.91,0.91,0,0.45,0,0,0,2.73,0.769181866835943,0.186719171191006
"30",1,0,0,0,0,0,0,0,0,0,0,0,0,0,0,0,0,0,0,0,0,0,0,0.587786664902119,0.513648802335113
"31",1,0,0.09,0,0,0,0,0,0,0,0.09,0,0,0,0,0.18,4.24,0,1.35,0,0,0,0,0.263901543786378,0.105999383071893
"32",1,1,0,0,0,0,0.82,0,0,0.24,0,0,0,0.08,0,0,0.32,0,0.16,0,0,0,0.49,1.0353174382958,0.562229925588717
"33",0,0,0.34,0,0,0,0.34,0,0,0.34,0,0,0,0,0,0,0,0,0,0,0,0,0,0.459321780898875,0.469594745247586
"34",0,0,0,0,0,0,0,0,0,1.28,0,0,0,0,0,0,1.28,0,0,0,0,0,0,0.498955451195503,0.443498884581162
"35",0,0,0,0,0,4.68,0,0,0,0,0,0,0,0,1.56,0,0,0,0,0,0,0,0,0.142367241286922,0.40575141992641
"36",0,0,1.02,0,0,0,0.68,1.02,0,0,0,0,0,0,0,0,0.34,1.02,0.68,0,0,0,0.34,6.50279004591562,0.123025286833406
"37",0,1,2.06,0,1.65,0.82,0,0,0,0,0,0,0,2.47,0,0.82,2.47,0,0.82,0,0,0,0,2.76581583795235,0.20151584690681
"38",1,0,0.36,0,0,0,0,0,0,1.09,0,0,0,0,0.36,0.36,0,0,0,0,0,0,1.81,0.829861003875767,0.363433967445939
"39",0,0,0.07,0.15,0,0.07,0.07,0,0,0.46,0,0,0,0,0.15,0,0.15,0,0.07,0,0,0.07,0,0.233489843368354,0.52444746233008
"40",0,0,0,0,0,0,0,0,0,0,0,0,0,0,0,0,0,0,0,0,0,0,0,0.405465108108164,0.524906043257456
"41",0,0,0,0,0,0,0.15,0,0,0.15,0,0,0,0,0,0,0.15,0.15,0,0,0.15,0,0,0.673964361143171,0.486833890589085
"42",1,0,0,0,0,0,0,0,0,0.61,0.61,0,0,0.61,0,0.3,3.09,0,0.61,0,0,0,0,1.66335775442353,0.212526754997572
"43",1,1,1.43,0,0,0,0,0,0,0,0,0,0,0,0,0,1.43,0,0,0,0,0,0,0.622188091619451,0.485717894484973
"44",0,1,0.2,0.6,0.2,0.6,0.2,0.2,0.2,1.2,0,0,0,0.4,1.61,0.4,2.21,1.81,2.62,0,0.2,0.6,0,1.37270240760042,0.438622603628408
"45",1,0,0.59,0,0.59,0,0,0,0,0,0,0,0,0,0,0,0.59,0,0,0,0,0,0,1.05987146035168,0.322431016469999
"46",0,0,0.88,0,0,0,0,0,0,4.42,0,0,0,0,0,0,0.88,0,0,0,0,0,1.76,0.282166891763671,0.411165148083872
"47",0,0,0,0,0,0,0.93,0,0,0,0,0,0,0,0,0,0.93,0,3.73,0,0,0,0,0.772882148578799,0.129980585696332
"48",0,0,0,0,0,0,0,1.66,0,0,0,0,0,0,0,0,0,0,0,0,0,0,0,1.34807314829969,0.645554945582664
"49",1,0,0,0,0,0,0,0,0,0,0,0,0,0,0,0,0,0,0,0,0,0,0,0.318453731118535,0.530270257203762
"50",0,0,0,0,0,0,0,0,0,0,0,0,0,0,0,0,0,0,0,0,0,0,0,0.693147180559945,0.507136380251162
"51",1,0,0,0,0,0,0,0,0,2.9,0,0,0,0.58,0,0,0,0,1.74,0,0,0,2.32,0.53062825106217,0.368475366188255
"52",1,0,0.04,0.04,0,0.09,0,0.19,0.09,1.03,0,0,0,0,0,0.24,0.09,0,0.04,0,0,0,0.04,0.976444654693902,0.533558523664565
"53",0,0,0,0,0,0,0,0,0,0.94,0,0,0,0,0,0,1.89,0,0.94,0,0,0,1.42,0.806475865866949,0.187326909812818
"54",0,0,0,0.25,0,0.5,0,0,0,1.01,0,0,0.25,0,0,0.25,0.25,0,0,0,0,0,0.5,0.435023910349709,0.45110403145906
"55",0,0,0.05,0.16,0.05,0.24,0.46,0.79,0.27,1.01,0.6,1.23,0,0.21,0.38,0,3.3,0,1.5,0,1.09,0.35,0,1.93094153336139,0.171705815033708
"56",0,0,0,0.34,0,0,0,0,0,0.69,0,0,0,0,0,0,4.19,0,1.39,0,0,0,0,0.187309098304994,0.125170055736448
"57",0,1,0,0,0,0,0,0,0,0,1.33,0,0,0,2.66,5.33,2.66,0,2.66,0,0,0,0,0.600483495696526,0.408863512642418
"58",0,0,0,0,0,0,0,0,0,0,0,0,0,0,0,0,1.86,0,0,0,0,0,3.73,0.641853886172395,0.0952378717738882
"59",0,0,1.1,0.55,2.2,0,0,0.55,0,0.55,0,0,0,0,0,0.55,3.31,0,1.1,0,0,0,0,2.82030688344788,0.0407287880805799
"60",1,1,0,0.94,0,0.18,0.37,0.75,0,2.07,0,0,0,0,0.37,0,2.45,0,0.94,0,0,0.18,0,0.964318700884737,0.547242008611687
"61",0,1,0.62,0,0,0,0,0.62,0,0,0,0,0,0.62,0,0,1.24,0,0.62,0,0,0,0,0.70951253464621,0.648204323419456
"62",0,0,0,0,0,0,0,0,0,0,0,0,0,0,0,0,2.77,0,0,0,0,0,0,0.327143141332695,0.250916367110874
"63",1,1,0.47,0,1.43,0,0,0,0.47,0.47,0,0,0,0.47,0,1.91,1.91,0.47,1.43,0,0,0,0,1.21223854874297,0.303465485400688
"64",0,1,0,0,0,0,0,0,0,0,0,0,0,0,0,0,7.4,0,0,0,0,0,0,0,0.115066714407523
"65",0,0,0,0,0,0,1.61,0,0,0,0,0,0,0,0,0,4.83,0,0,0,0,0,0,0.570414415177648,0.0558591889044612
"66",0,0,0,0,0.84,0,0,1.68,0.84,0,0,0,0,0.84,0,0,3.36,0,0.84,0,0.84,0,0,1.6094379124341,0.237241422077284
"67",0,0,0.93,0,0,0,0,0.93,0,0.46,0,0,0,0,0,0,1.4,0,0,0,0,0,4.22,1.72151581583945,0.0896058860985747
"68",0,0,0,0,0,0,0,0,0,0.28,0.28,0,0,0.28,0,0.28,1.97,0,0,0,0,0.28,0,0.338612801120324,0.352166351222101
"69",0,0,0,0,0,0,0,0,0,0,0,0,0,0,0,0,3.47,0,1.73,0,0,0,0,0,0.140689938276198
"70",0,0,0,0,0,0,0,0,0,0,0,0,0,0,0,0,0,0,0,0,0,0,0,0,0.549833997312478
"71",0,0,0,0,0,0,0,0,0,0,0,0,0,0,0,0,2.91,0,0,0,0,0,0,0.781615828547554,0.219695151095801
"72",0,0,0,0,0,0,0,0,0,1.36,0,0,0,0,0,0,1.36,0,2.73,0,0,0,0,0.710495818894558,0.255034182028561
"73",0,0,0,0,0,0,0.64,0,0,0,0,0,0,0,0,0,1.29,0,0,0,0,0,0,0.438899884194402,0.31429973925794
"74",1,0,0,0,0,0,0,0,0,0,0,0,0,0,0,0,0,0,0,0,0,0,0,0.693147180559945,0.507136380251162
"75",0,0,0,0,0,0,0,0,0,0.89,0,0,0,0,0,0,3.57,0,2.67,0,0,0,0,0.864997437486605,0.10385585922446
"76",0,0,0,0,0,0,0,0,0,0,0,0,0,0,0,0,0,0,0,0,0,0,0,0,0.549833997312478
"77",1,0,0,0,0,0,0,0,0,1.92,0,0,0,0,0,0,1.92,0,1.92,0,0,0,0,1.25276296849537,0.247996230039007
"78",0,0,1.61,0,0,0,0,0,0,0,0,0,0,0.8,0.8,0,1.61,0,2.41,0,0.8,0,0,0.970021054295123,0.18850954489449
"79",0,1,0.44,0,0,0,0,0.44,0,0.44,0,0,0,0,0,0,0.44,0,0,8.81,0,0,0,1.98622915995766,0.129094632730827
"80",1,0,0,0,0,0,0,0.73,0,0.73,0,0,0,0,0,0,3.3,0,0,0,0,0,0.73,0.909064686782416,0.215824369857825
"81",1,0,0,0,0,0,0,0,0,1.45,0,0,0,0,0,0,0.72,0,0,0,0,0,0,0.341459778132252,0.522806399135773
"82",1,0,0.1,0.1,0,0,0,0,0,0.21,0.96,0,0,0.05,0.05,0,0.64,0,0,0,0.1,0,0,0.276115436080316,0.507496890410227
"83",0,0,1.63,0,0,0,0,0,0,0.54,0,0,0,0.54,0.54,0,2.17,0,5.97,0,0.54,0,0,0.852285401898243,0.0602445579947419
"84",1,0,0,0,0,0,0,0,0,0,0,0,0,0,0,0,2.46,0,1.23,0,0,0,0,0.0601539228197471,0.224342572618518
"85",0,0,0,0,0,0,0,0,0,0.4,0,0,0,0,0,0,0,0,0.4,0,0,0,13.93,1.81041765104659,0.00301487515998706
"86",0,0,0,0,0,0,0,0,0,0,0,0,0,0,0,0,3.92,0,0,0,0,0,0,0.579418415231602,0.159809560255588
"87",0,0,0,0,0,0,0,0,0,0.62,0,0,0,0,0,0,0.31,0,0,0,0,0,0.31,0.368801123736573,0.493655777033158
"88",1,0,0.34,0,0,0,0.57,0.05,0,0.28,0.11,0,0,0.17,0,0,1.04,0.05,0.92,0,0,0.05,0,1.58535011690501,0.24277689416192
"89",1,0,0,0,0,0,0,0,0,0,0,0,0,0,0,0.39,0.98,0.19,0.98,0,0,0,0.19,1.21698774140343,0.292825374150029
"90",0,1,2.01,0,0,0,0,0,0.2,0,0,0,0,0.4,0,0.2,3.62,0,0.8,0,0,0,0,0.454889991435687,0.221598452348009
"91",1,0,0,0,0,0,0,0,0,0,0,0,0,0,0,0,0,0,0,0,0,0,0,0.22314355131421,0.536138028321469
"92",0,0,0,0,0,0,0,0,0,0,0,0,0,6.52,0,0,2.17,0,2.17,0,0,0,0,2.2082744135228,0.644623898161435
"93",1,0,0.27,0.07,0,0,0.14,0,0,0.05,0,0.02,0.01,0.02,0,0.01,0.05,0,0.04,0,0,0,0.48,0.966983846189673,0.400146058393685
"94",1,0,0,0,0,0,0.2,0.41,0,0,0,0,0,0,0,0,1.45,0,0.2,0,0,0,0,0.171429115627531,0.389657243615427
"95",0,0,0,0,0,0,0,0,0,0,0,0,0,0,0,0,0,0,0,0,0,9.09,0,1.09861228866811,0.152217884358239
"96",1,1,0,0,0,0.58,0.58,7.55,0.58,1.16,0,0,0,0,0.58,0,4.06,0,0,0,0,0,0,0.422649932862265,0.932268777842557
"97",0,0,0,0,0,0,0,0,0,1.25,0,0,0,0.62,0.62,0,0.62,0,0,0,0,0,1.87,0.297879897428227,0.437930476469194
"98",1,0,0.05,0.15,0,0.25,0.3,0.1,0.2,0.65,0,0,0,0.25,0.05,0,0.55,0,0.65,0,0.05,0,1.3,0.682591666620429,0.301125741850364
"99",0,0,0.45,0.45,0.45,0,0,0,0,0.45,0,0,0,0,0,0,0.9,0,0.45,9.5,0,0,0,2.14206416615894,0.0207323619814877
"100",1,1,0,0.93,0,0.18,0.37,0.75,0,2.06,0,0,0,0,0.37,0,2.44,0,0.93,0,0,0.18,0,0.992510757785564,0.5468625142011
"101",0,0,0,0.39,0,0,0,0,0,1.19,0,0,0,0.39,0.39,0,2.39,0,2.78,0,1.19,0.39,0,1.25276296849537,0.17780657771118
"102",0,0,0.17,0.08,0,0,0.76,0,0,0.25,0,0,0,0.08,0,0.08,0.34,0,0.25,0,0,0,0.76,1.05883141865627,0.282998819175046
"103",0,0,0,0,0,0,0,0,0,0,0,0,0,0.27,0,0.27,0.55,0,0.55,0,0,0,0,1.35866619400242,0.390417185119672
"104",0,0,0.69,0,0,0,0,0,0,1.38,0,0,0,0,0,0,0.23,0,0,0,0,0,0.23,0.34500713907105,0.492383569282777
"105",0,1,0,0.27,0,0,0,0.27,0,0.27,0,0,0,0.27,0,0,2.18,0,2.73,0,0,0,0.27,0.952815506556527,0.354343607350622
"106",1,0,0,0,0,0,0,0,0,1.67,0,0,0,0,0,0,2.79,0,1.67,0,0,0,0,0.330741561912228,0.224174343330752
"107",1,0,1.35,0.67,0.16,0.33,0,0.16,0,0.84,0,0,0.33,1.52,0.33,0.16,2.88,0,2.37,0,0,0,0,1.60362102711254,0.128520501491721
"108",0,0,0.55,0,0,0,0,0.55,0,0,0,0,0,0.55,0,0,1.67,0,0.55,0,0,0,0,0.752359040191791,0.353807941969685
"109",1,0,0.27,0,0,0.55,0,0.55,0,0.55,0,0,0,0,0,0,0,0,0,0,0,0,6.64,1.44856468684602,0.0669636021744588
"110",0,0,0,0,0,0,0,0,0,0,1.36,0,0,0,0,0,3.63,0,0.9,0,0,0.45,0,0.435023910349709,0.163134386848563
"111",0,0,0,0,0,0,0,0,0,1.29,0,0,0,0,0,0,0,0,0,0,0,0,1.29,0.485507815781701,0.457001804673979
"112",0,1,0.99,0.99,0.33,0.33,0,0,0,0.33,0.33,0,0,0.33,0.33,0,1.98,0,3.3,0,0,0.33,0,0.786182046527135,0.253310001813823
"113",1,0,0.44,0,0.22,0,0,2.43,1.1,0.44,0,0,0,0,0,1.55,2.88,0,2.21,0,0,0,0,0.945461109173935,0.249275875175502
"114",1,0,0,0,0,0,0,0,0,0,0,0,0,0,0,0,0,0,0,0,0,0,0,0.587786664902119,0.513648802335113
"115",1,0,0.09,0,0,0,0,0.09,0,0,0,0,0,0,0,0,0,0,0,0,0,0,0,3.19355801688391,0.35888045760558
"116",0,0,1.44,0,0,0,0.24,1.32,0.72,2.53,0.6,0,0,0.6,0.24,0,4.45,0,1.8,0,0.72,0.96,0,1.2963696535919,0.131639560928759
"117",1,1,0,0,0,0,0,0,0,0,0,2.63,0,0,0,0,0,0,0,0,0,0,0,0.587786664902119,0.79057249091175
"118",0,0,0,0.78,0,0,0,0,0,0,0,0,0,0,0,0.78,0,0,0.78,0,0,0,0,0.0459289318883997,0.47530608917491
"119",0,0,0,0,0,0,0,0,0,1.05,0,0,0,0,0,0,0,0,0,0,0,0,4.21,0.740030766458796,0.191437167257027
"120",0,0,0,0,0,0,0,1.38,0,0,0,0,0,0,0,0,4.16,0,0,0,0,0,0,0.405465108108164,0.247436612957974
"121",0,0,0,0.19,0,0,0,0,0.19,0.19,0,0,0,0.38,0,0.19,1.14,0,0.38,0,0,0,0,0.868360198116605,0.387837319967494
"122",1,1,2.03,0,0,0.4,0,1.21,0,0.81,0,0,0,0.4,0,0,3.65,0,1.62,0,1.62,0.4,0,1.16064767958756,0.248517685607534
"123",0,0,1.85,0,0,0,0,0,0,1.85,1.85,0,0,0,0,0,1.85,0,0,0,0,0,0,0.538829820175588,0.327520071249225
"124",0,0,0,0,0,0,0,0.68,1.36,0,0,0,0,0,0,0,2.04,0,0.68,0,0,0,0.68,1.34181987101806,0.23017211621205
"125",0,0,0,0,0.23,0,0,0.95,0,0.47,0,0.23,0,0.23,0.95,0,2.38,0,1.9,0,0,0.47,0,1.61700917793042,0.249488887795531
"126",0,1,0,0,0,0.46,0,0,0,1.38,0,0,2.31,0,0.46,0.46,2.77,0,2.31,0,1.38,0,0,1.22377543162212,0.21679889892252
"127",0,0,0,0,0,0,0,0,0,0,0,0,0,0.9,0,1.81,3.63,0,2.72,0,0,0,0,1.83513819253,0.0847501023136406
"128",1,0,0,0,0,0,0,0,0,0.95,0,0,0,0,0,0,3.8,0,0,0,0,0,0,1.13943428318836,0.174368705435046
"129",0,0,0,0,0,0,0,0,0,0,0,0,0,0,0,0,0,0,0,0,0,0,0,0,0.549833997312478
"130",0,0,0,0,0,0,0.88,0,0,0,0,0,0,0,0,0,0,0,0,0,0,0,0,0.153579087928301,0.435430783261023
"131",1,1,0,0,0,0,0,0,0,0,0,0,0,0,0,0,0,0,0,0,0,0,0,0,0.768524783499018
"132",0,0,1.05,0,0,0,0,0,0,0,0,0,0,0,0,0,2.11,0,2.81,0,0,0,0,0.802898044519065,0.11213434487834
"133",0,1,1.1,0.2,0,0.3,0,1.2,0.3,1.1,0.1,0,0.1,0.4,0.2,0.1,2.61,0,2.51,0,0,0,0,2.28044172830836,0.327714158448057
"134",0,1,0.66,0,0,0,0,0,0,0,0,0,0,0,0,0,4.63,0,3.31,0,0,0,2.64,1.37826218942263,0.033164107595509
"135",0,0,0,0,0,0,0,0,0,0,0,0,0,0,0,0,4.54,0,0,0,0,0,0,0,0.143344640000816
"136",1,0,0,0,0,0,0,0,0,0,0,0,0,0,0,0,0,0,1.51,0,0,0,0,0.476855104194837,0.414382134218807
"137",0,0,0.88,0.29,0,0,1.47,1.47,0.14,1.91,0.29,0,0.58,0.29,0,1.62,2.35,0.14,2.35,0,0.73,0.29,0,1.887372633431,0.113185819980613
"138",1,0,0,1.01,0,0,0,1.01,0,0,0,0,0,0,0,0,1.01,0,0,0,0,0,0,0.454889991435687,0.516837732054189
"139",0,0,0.51,0.29,0.07,0,0.07,0.37,0.07,1.48,0.14,0,0.07,0,0.14,0.44,3.55,0,1.85,0,0,0.14,0,1.24011185094181,0.121313118431002
"140",1,1,0,0,0,0,0,0,0,0.9,0,0,0,0,0,1.81,6.36,0,0.9,0,0,0,0,1.09861228866811,0.114839005307185
"141",0,0,0.33,0,0,0,0,0.66,0,0,0,0,0,0,0,0,0.66,0,0.33,0,0,0,7.61,1.28840586030077,0.0343698282688145
"142",1,1,0,0,0,0,0,0,0,0,0,0,0,0,0,1.57,0,0,0,0,0.78,0,0,2.09936671048711,0.643692586215762
"143",0,0,0.36,0,0,0,0.36,0.36,0,0.36,0,1.09,0,1.81,0,0,3.63,0,1.45,0,0,0,0,0.25231392861399,0.246985844298359
"144",0,0,0.04,0.04,0,0.09,0,0.19,0.09,1.04,0,0,0,0,0,0.24,0.09,0,0.04,0,0,0,0.04,0.980954245199877,0.533780360166895
"145",0,1,0,0,0,0,0.13,0.13,0,0.66,0,0.66,0,0,0.13,0,1.06,0,0.66,0,0,0,0.13,1.72330216858315,0.57401026367995
"146",0,0,0,0,0,0,0.92,0,0,0.4,0,0,0,0,0.1,0,0.4,0,0.2,0,0,0,0.51,1.02424787337925,0.304887132033514
"147",0,0,0.89,0,0,0,0,0.44,0,1.33,0,0,0,0.44,0,0,4.46,0,1.78,0,0,0.44,0,0.887067873197252,0.0977164211277912
"148",0,0,0.88,0,0,0,0,2.65,0.88,0,0,0,0,0,0,0,1.76,0,0,0,0,0,1.76,0.574926549172514,0.366587721595789
"149",1,0,0,0,0,0,0,0,0,0,0,0,0,0,0,0,0,0,0,0,0,0,0,0.0732504617395927,0.54534537011887
"150",0,0,0,0,0,0,0,0,0,2.5,0,0,0,0,0,0,0,0,0,0,0,0,0,0,0.668567461121223
"151",0,0,0,0,0,0,0,0,0,0,0,0,0,0,0,0,1.75,0,1.75,0,0,0,0,0.602127782172777,0.229507059603069
"152",0,0,0,0,0,0,0,0,0,0,0.91,0,0,0,0,0,0.91,0,0,0,0,0,0,1.0591782194227,0.418805163066177
"153",0,0,0,0,0,0,0,0,0,0,0,0,0,0,0,0,0,0,0,0,0,0,4.41,0.941958478622733,0.144226196992245
"154",1,1,0,0,0,0,0,0.93,0,0,0,0,0,0,0,0,0,0,0,0,0,0,2.8,0.740507751919783,0.578809875445208
"155",1,0,0,0,0,0,0,0,0,0,0,0,0,0,0,0,0,0,0,0,0,0,0,0,0.549833997312478
"156",0,1,0.45,0,0,0.45,0,1.8,0,2.25,0,0.45,0,0.45,0,0,1.8,0,5.4,0,0,0,0,4.24458761721834,0.280804972761063
"157",0,0,0,0,0.36,0,0,0,0,0,0,0,0,0.36,0,0,3.3,0,0,0,0,0,0,2.91071889922703,0.123047103687201
"158",1,0,0,0,0,0,0,0,0,0,0,0,0,0,0,0,1.81,0,0,0,0,0,3.63,0.800655388275231,0.0971716074819272
"159",0,0,0,0,0,0,0,0,0,2.61,0,0,0,0,0,0,0.65,0,0.65,0,0,0,1.3,0.344298672870677,0.414510475604402
"160",0,1,0,0,0,0,0,0,0,0.48,0,0,0,0.96,0,0.48,5.79,0,1.93,0,0,0,0,0.110646520087064,0.186408205472794
"161",0,0,0,0,0,0,0,0,0,0,0,0,0,0,0,0,0,0,0,0,0,0,0,0.153579087928301,0.540414549272029
"162",0,0,0,0,0,0,0,0,0,0,0,0,0,4.54,0,9.09,0,0,4.54,0,0,9.09,0,0.356274863917393,0.163247069992529
"163",0,0,0,0,0,0,0,2.17,0,0,0,0,0,0,0,0,0,0,0,0,0,0,13.04,0.761739972025557,0.0148061711038743
"164",0,0,0,0,0,0,0,0,0,0,0,0,0,0,0,0,1.16,0,0,0,0,0,0,0.0563803334361077,0.420227926147228
"165",0,1,0,0.39,0.79,0,0,0.39,0,0.79,0,0,0,0,0.39,0,2.37,0,2.76,0,1.18,0.79,0,1.00795792039998,0.291428979059995
"166",1,0,0,0,0,0,0.32,0,0,1.29,0,0,0,0,0,0,0,0,0,0,0,0,0,0.871711688476188,0.52246067930186
"167",1,0,0,0,0,0,0,0,0,0,0,0,0,0,0,0,0,0,0,0,0,0,0,1.09861228866811,0.482071228187122
"168",1,0,0,0,0,0,0,0,0,0.89,0,0,0,0,0,0,3.57,0,2.67,0,0,0,0,0.864997437486605,0.10385585922446
"169",1,0,0,0.1,0,0.05,0.49,0,0,0.27,0,0,0,0,0.38,0,0.21,0,0.1,0,0,0,0.49,1.31237867816972,0.367825723057201
"170",0,0,0.07,0.15,0,0.07,0.07,0,0,0.46,0,0,0,0,0.15,0,0.15,0,0.07,0,0,0.07,0,0.233489843368354,0.52444746233008
"171",0,1,1.79,0.44,0,0,0,0,0,0.44,0,0,0,1.34,0,0,2.24,0,4.48,0,0,0,0,0.810930216216329,0.221817151739839
"172",0,0,2.02,0,0,0,0,0,0,0,1.01,0,0,0,0,0,1.01,0,0,0,0,0,0,0.356274863917393,0.297965192478048
"173",1,0,0.43,0.43,0,0,0,0.87,0,0.43,0,0,0,0,3.49,0,1.31,0,1.74,0,1.31,0,0,1.08349865085806,0.50604940414012
"174",0,1,0,0,0,0,0,0,0,1.28,0,0,0,0,0,0,3.84,0,0,0,0,0,1.28,0.356274863917393,0.305807438167622
"175",0,0,0.28,0.86,0,0,0,0,0,0.57,0.28,0,0,0,0.28,0,0.28,0,0.28,0,0,0,0,3.31342207659012,0.328829358036917
"176",0,0,0,0,0,0,0,0,0,0,0,0,0,0,0,0,0,0,0,0,0,0,0,0,0.549833997312478
"177",0,0,3.09,0,1.03,1.03,0,1.03,0,1.03,0,0,0,2.06,0,0,2.06,0,1.03,0,0,0,0,2.36949579827667,0.147725175762052
"178",0,0,0,0.6,0,0,0.6,0,0,1.81,0,0,0,0.3,0,0,2.72,0,1.21,0,0,0.6,0,0.708035793053696,0.191432332535437
"179",0,1,0,0,0,0,0,0,0,3.94,0,0,0,0,0,0,2.63,0,1.31,0,0,0,0,0.273075920062419,0.598781806247796
"180",1,1,0,0,0.9,3.63,0,1.81,0,0.9,0,0,0,0,0.9,0,2.72,0,3.63,0,0,0,0,0,0.292993669533275
"181",1,0,1.51,0,0,0,0,0,0,3.03,0,0,0,0,0,0,1.51,0,0,0,0,0,0,0.559615787935423,0.378643418965549
"182",0,0,0,0,0,0,0,0.84,0,0.84,0,0,0,0,0,0,4.2,0,0,0,0,0,1.68,0.374318379111328,0.134962579755067
"183",0,0,0,0,0,0,0,0,0,0,0,0,0,0,0,0,0,0,0,0,0,0,0,0.635518067723309,0.510698925552218
"184",1,1,0.95,0,0,0,0.47,0,0,0,0,0,0,0.95,0.95,0,1.42,0,0.47,0,0.95,0,0,1.24097952995503,0.548830058136701
"185",0,0,2.85,0,0,0,0,0,0,0,0,2.85,0,0,0,2.85,0,0,2.85,0,0,0,0,1.33500106673234,0.145844490192588
"186",1,0,0.44,0,0,0,0,0,0.44,0.89,0,0,0,0,0,0,1.78,0,0,0,0,0,0,0.548699276194072,0.334065838831535
"187",0,0,0,0,0,0,0,0,0,0,0,0,0,0,0,0,0,0,0,0,0,0,20,1.64865862558738,0.000293439796232871
"188",0,0,0.21,0,0,0.21,0,0,0,0,0,0,0,0,0,0,1.94,0,0.43,0,0,0,0,0.0825012215117438,0.288455202510785
"189",0,0,0,0,0,0,0,0,0,0,0,0,0,0,0,0,0,0,0,0,0,0,0,1.05605267424931,0.484700136035136
"190",1,0,0,0,0,0,0,0,0,0.68,0,0,0,0,0,0,0.34,0,0,0,0,0,0.68,0.764071518896644,0.432693493324526
"191",0,0,0,0,0,0,0,0,0,0,0,0,0,0,0,0,4.25,0,2.12,0,0,0,0,1.50407739677627,0.0670040219880119
"192",1,0,0.81,0,0,0,0,0,0,0.81,0.81,0,0,0,0,0,1.62,0,0,0,0,0,0.81,0.0535407669280298,0.302992696163524
"193",0,0,0,0,0,0,0,0,0,0,0,0,0,0,0,0,4.76,0,0.95,0,0,0,0,0.0732504617395927,0.102343507588811
"194",0,0,0,0,0.34,0,0,0.34,0,0,0,0,0.34,0.68,0,1.37,1.03,0,1.03,0,0,0,0,1.14135244234427,0.328419640204454
"195",0,0,0.13,0.01,0,0,0.01,0.13,0.03,0.45,0.03,0.07,0,0.11,0.53,0.07,0.07,0,0.03,0,0.01,0,0,0.744790413711784,0.562478411039091
"196",1,1,2.5,0,0,0,0,0,0,0.62,0,0,0,0,1.25,0,3.12,0,0.62,0,0,0,0,0.747161768866184,0.281077705576662
"197",1,0,0,0,0,0,0,2.38,0,4.76,0,0,0,0,0,0,0,0,0,0,0,0,0,0.75377180237638,0.882855401544838
"198",0,0,0.53,0,0,0,0,0,0,0.53,0,0,0,0.53,0,1.06,1.6,0,1.06,0,0,0,0,1.22377543162212,0.262001453475914
"199",0,0,0,0,0,0,0,0,0,0,0,0,0,0,0,0,0,0,0,0,0,0,0,1.63510565918268,0.449064927769363
"200",1,1,0,0,0,1.36,0,0,0.68,0.68,0,0,0,0,0,0,3.4,0,1.36,0,0.68,0.68,0,0.802898044519065,0.244234133474379
"201",0,0,0,0,0,0,0,0,0.26,0.26,0,0,0,0,0,0,1.05,1.32,0.26,10.58,0,0,0,2.11275542070977,0.0239782487421121
"202",0,0,0,0,0,0,0,0,0,0,0,0,0,0,0,0,3.03,0,0,0,0,0,0,0.693147180559945,0.214484745222428
"203",1,0,1.88,0,0,1.88,0,0,0,0,0,0,0,0,0,0,0,0,0,0,0,0,0,0.896088024556636,0.265536212180985
"204",1,0,0,0,0,0,0,3.7,0,0,0,0,0,1.85,0,0,1.85,0,0,0,0,0,0,1.51622553071192,0.795768077468949
"205",0,1,0,0,0,0,0,0,0,0.85,0,0,0,0,0,0,2.56,0,0,0,0,0,0,0.610851937833115,0.524635285282463
"206",0,0,0,0,1.23,0,0,0,0,0,0,0,0,1.23,0,0,0,0,0,0,0,0,0,0.321358598811165,0.530904889079584
"207",0,1,0.04,0.14,0.18,0.28,0.28,0.84,0.18,0.46,0.61,0.09,0.32,0.89,0.37,0.46,3.8,0.04,1.87,0,0.46,0.28,0,1.75076384852454,0.296514952038915
"208",1,0,0.35,0.71,0,0,0,0,0,0.71,0,0,0,0,0,0,0.71,0,0.35,0,0,0,0,0.495305812107954,0.419787074171834
"209",1,0,0,0,0,0,0,0,0,3.63,1.81,0,0,0,0,0,0,0,0,0,0,0,0,0.501986675098786,0.744282642283859
"210",1,0,0.28,0,0,0,0,0,0,1.96,0,0,0,0,0,0,0,0,0,0,0,0,0,0.420682073913025,0.597692728722828
"211",1,0,0,0,0,0,0,0,0,0,0,0,0,0,0,0,0,0,0,0,0,0,0,0.618962282370569,0.511722194345432
"212",0,0,0,0,0,0,0,0,0,0,0,0,0,0,0,0,0,0,0,0,0,0,0,0,0.549833997312478
"213",0,1,0.05,0.13,0.05,0.26,0.44,0.76,0.26,0.97,0.58,1.26,0,0.26,0.44,0,3.24,0,1.5,0,1.02,0.34,0,1.79923148406676,0.378800568450136
"214",1,0,0,0,0,0,0,0,0,0,0,0,0,5,0,0,0,0,0,0,0,0,0,1.04977212324864,0.865613785981075
"215",0,0,0,0,0,0,0,0,0,1.75,0,0,0,0,0,0,3.5,0,3.5,0,0,0,0,0.117783035656383,0.118966756801152
"216",1,1,0,0,0,0,1.35,0,0,0,0,0,0,0,0,0,2.7,0,2.7,0,0,0,0,1.33736668749647,0.151213108097499
"217",1,0,0,0,0,0,0,0,0,1.81,0,0,0,0,0,0,0,0,0,0,0,0,0,0.830297018707179,0.588523067494404
"218",0,0,0.6,0.12,0.12,0,0,0,0.12,0.48,0.12,0.12,0,0.12,0,0.6,2.41,0,0.24,0,0,0,0,0.219938420365261,0.251106461129133
"219",0,0,0,0,0,0,0,0,0,0,0,0,0,0,0,0,2.43,0,0,0,0,0,0,0,0.296515572415563
"220",0,0,0.81,0,0,0,0,0,0,0.81,0,0,0,0,0,0,1.62,0,1.62,0,0,0,0.81,1.68175857401373,0.140265075404231
"221",0,0,0.51,0.51,0,0,0.25,0,0.25,0,0.25,0,0,0,0.25,0,2.81,0,0.25,0,0.25,0.76,0,1.02101104264456,0.154619290195837
"222",0,0,0,0,0,0,0,0,0,0,0,0,0,0,0,0,2.33,0,1.86,0,0,0,0,0.110646520087064,0.201870183101438
"223",0,0,0,0,0,0,0,0,0,0,0,0,0,0,0,0,2.27,0,0,0,0,0,0,0.730442965303642,0.273970594354156
"224",0,1,0.9,0,0.9,0,0,0,0,0,0,0,0,0,0,0,5.45,0,0,2.72,0,0,0,2.3150076129926,0.0394146990197076
"225",0,0,0,0,1.58,0,0,0,0,0,1.58,0,0,0,0,0,1.58,0,0,0,0,0,0,1.1854014187405,0.23906785840221
"226",0,0,0.38,0,0,0.09,0,0.19,0.38,0.19,0,0,0,0.66,0,0,1.52,0,1.42,0,0,0,0,1.18784342239605,0.281692959088961
"227",1,0,0,0,0,0,0,0,0,0,0,0,0,0,0,0,0,0,0,0,0,0,0,0,0.549833997312478
"228",0,1,0,0.51,0,0,0,0,0,0,0,0,0,0,0,0.51,3.06,0,1.02,0,0,0,0,0.461215123212656,0.357466679867075
"229",0,0,1.44,0,0.48,0,0.48,1.92,0.48,0.96,0.48,0,1.92,0,0,0,0.96,0,0.96,0,4.32,0.48,0,3.25671096317122,0.163933769211029
"230",0,0,0,0.23,0,0.46,0,0,0,0.92,0,0,0.23,0,0,0.23,0.23,0,0,0,0,0,1.15,0.479953960098904,0.387099580820554
"231",0,0,7.14,0,0,0,0,0,0,0,0,0,0,0,0,0,0,0,0,0,0,0,0,0.470003629245736,0.0912392283671201
"232",0,0,2.33,0,1.16,0,0,0,0.58,0,0,0.58,0,0.58,0,0.58,2.92,1.16,2.92,0,0,0,0,0.603769369408729,0.053080100456608
"233",0,0,0.29,0,0,0.29,0,0,0.29,0,0,0,0,0,2.93,0.58,1.75,0,1.75,0,0,0,0,0.308219723669329,0.346277216737158
"234",0,0,0,0,0,0,0,0,0,0,0,2.94,0,0,0,0,2.94,0,0,0,0,0,0,0,0.314060709152168
"235",1,0,0,0,0,0,0,0,0,0,0,0,0,0,0,0,3.84,0,0,0,0,0,0,0.546385799164542,0.165695323684706
"236",0,0,0.16,0.24,0,0,0.24,0.08,0,0.56,0,0,0,0,0,0.08,0.88,0.08,0.48,4.57,0.4,0.72,0,2.17053831207371,0.0883662798406536
"237",0,0,0.95,0,0.95,0,0,0,0,0.47,0,0,0,0.47,0.47,0,4.28,0,0.95,0,1.42,0,0,1.79624937450091,0.0649459037676746
"238",0,0,0.48,0.48,0.48,0,0,0.96,0,0,0,0,0,0,0.96,0,3.36,0,0.96,0,0,0,0,0.528272537369711,0.201571343782901
"239",1,0,0,0,0,0,0,0.64,0,0,0,0,0,0,0,0,0,0,0,0,0,0,0,1.40167546315819,0.533921762732524
"240",0,0,0,0,1.58,0,0,0,0,0,1.58,0,0,0,0,0,1.58,0,0,0,0,0,0,1.1854014187405,0.23906785840221
"241",0,1,2.83,0,0,0,0,0,0,0,0,0,0,0,0,0.7,3.54,0,2.12,0,0,0,0,0.0797349680188535,0.123704000287063
"242",0,0,0.36,0.36,0,0.36,0.36,0.36,0,0.36,0,0,0,0,0.73,0,2.94,0,4.04,0,0,0.36,0,0.425267735404344,0.0855304539489028
"243",1,1,0.39,0,0.19,0,0.19,0.19,0,0.39,0,0,0,0,0.19,0.19,0.59,0.59,0.39,0,0.19,0.39,0,1.60241329749714,0.585856586099992
"244",0,0,0,0,0,0,0,2.68,0,0.67,0,0,0,0,0,0,4.02,0,3.35,0,0,0,0,0.909870164071232,0.195183680253577
"245",0,0,0,0.1,0,0.05,0.49,0,0,0.27,0,0,0,0,0.38,0,0.21,0,0.1,0,0,0,0.49,1.31237867816972,0.367825723057201
"246",0,0,0,0,0,0,0,0,0,0,0,0,0,0,0,0,0,0,4.16,0,0,0,0,1.06471073699243,0.224038516329398
"247",1,0,0.19,0,0,0,0.73,0,0,0.19,0,0,0,0,0,0.06,0.26,0,0.19,0,0,0,0.79,0.99916020969645,0.287674431106948
"248",0,0,1.57,0.36,0.06,0.06,0.06,0.12,0.06,0.54,0.3,0.06,0,0,0.72,0.06,4.49,0.24,1.09,0,0.85,0.06,0,0.553885113226438,0.0831452582050651
"249",1,0,0.37,0,0,0.18,0,0.18,0,0.55,0,0,0,0,0,0,0.92,0,0,0,0,0,0,1.23982245721963,0.382639892543756
"250",0,1,1.35,0,0.33,0,0,0,0.67,0.67,0.33,0,0,1.01,0,1.68,2.36,0,3.71,0,0,0,0,5.26527751246984,0.0906253202598731
"251",0,0,0,0.6,0,0,0,0.6,0,0.6,0.6,0,0,0,0,0,3.04,0,0,0,0,0,0,0.681074599325676,0.301366398987721
"252",0,0,0,0.84,0,0,0,0,0,0,0,0,0,0,0,0,3.36,0,0,12.6,0,0,0,1.94591014905531,0.00434322122591039
"253",1,0,0.37,0,0,0,0,0.74,0.37,0.74,0,0,0.37,3.34,0,0,0.74,0,1.48,0,0,0.37,0,1.78925633900994,0.618251581050695
"254",0,0,0,0,0,0,0,0,0,0,0,0,0,0,0,0,0,0,0,0,0,0,0,0,0.549833997312478
"255",1,0,0.37,0,0,0,0,0.74,0.37,0.74,0,0,0.37,3.34,0,0,0.74,0,1.48,0,0,0.37,0,1.78925633900994,0.618251581050695
"256",1,0,0,0,0,0,0,0,0,0,0,1.19,0,0,0,1.19,0,0,0,0,0,0,0,0.778407024510769,0.514517860447103
"257",0,1,0.99,0,0.99,0,0,0,0,0.49,0,0,0,0.49,0.49,0,4.45,0,0.99,0,1.48,0,0,1.65402879576198,0.150685422558473
"258",0,0,0.26,0.26,0,0,0,0.26,0,0.26,0,0,0,0.26,0,0,2.08,0,2.6,0,0,0,0.26,0.934130650002486,0.166925792220801
"259",0,0,0.66,0,0,0,0,0,0,0.66,0,0,0,0,0.66,0,3.33,0,0,0,0,0,0.66,0.377065633586466,0.17600208451442
"260",1,1,0.32,0.16,0,0.49,0.65,0.49,0.16,1.3,0,0,0.16,1.14,1.3,0.16,3.6,0.49,1.8,0,0,0.49,0,1.7635314477715,0.333457797908464
"261",1,0,0,0,0,0,0,0,0,0,0,0,0,0,0,0,0.77,0,2.32,0,0,0,0,0.476855104194837,0.286475390183914
"262",0,1,0,0,0,0,0,0,0,1.72,0,0,0,0,0,0,0,0,0,0,0,0,3.44,0.929404371019538,0.488017087902015
"263",1,0,1.13,0,0,0,0,0.75,0,1.13,0,0,0,0,0,0,2.65,0,0,0,0,0,0,0.234281295724666,0.3021026650495
"264",1,0,0,0,0,0,0,0,0,0,0,0,0,0,0,0,0,0,0,0,0,0,0,1.08180517035173,0.483109293588073
"265",1,0,0,0,0,0,0,0,0,0,0,0,0,0,0,0,0,0,0,0,0,0,0,1.247606841346,0.472876601172185
"266",0,0,0,0,0,0,0,0,0,0,0,0,0,0,0,0,0,0,0,0,0,0,0,1.50051550520991,0.457314628460833
"267",0,0,0,0,0,0,0,0,0,0,0,0,0,0,0,0,0,0,0,0,0,0,0,0,0.549833997312478
"268",0,0,0,0,0,0,0,0,0,0,0,0,0,0,0,0,0,0,0,0,0,0,0,0.405465108108164,0.524906043257456
"269",0,0,4.76,0,0,0,0,0,0,0,0,0,0,0,0,0,0,0,0,0,0,0,0,0,0.199691032583585
"270",0,1,0.05,0.05,0,0,0.5,0,0,0.16,0,0.05,0,0,0,0.05,0.22,0,0.16,0,0,0,0.62,1.08923512685551,0.579313440283151
"271",1,0,0,0,0,0,0,0,0,3.03,0,0,0,0,0,0,3.03,0,0,0,0,0,0,0.522951803563831,0.34345692092383
"272",1,0,0.3,0,0,0,0,0,0,0.76,0,0,0,0,0,0,0.15,0,0,0,0,0,0.3,0.46373401623214,0.488290713474769
"273",1,0,0,0,0,0,0,0,0,0,0,0,0,0,0,0,0,0,0,0,0,0,0,1.4190035355296,0.462322604761515
"274",0,0,0,0,0,0,0,0,0,0,0,0,0,0,0,0,0,0,0.24,0,0,0,1.93,0.869618323675724,0.299862565414243
"275",1,0,1.73,0,0,0,0,0,0,0.28,0.57,0.28,0,0,0,0,1.15,0,0.57,0,0,0,0.28,0.344298672870677,0.255418183712484
"276",0,1,0,0,0,0,0,0,0,0.91,0,0,0,0,0.91,0,2.75,0,0,0,0,0,1.83,0.663718369869133,0.378842632316475
"277",0,0,1.38,0.16,0.08,0,0.24,0.08,0,1.3,0,0.08,0,0.48,0.08,0.08,3.5,0,0.73,0,0.08,0.16,0,1.72169459477977,0.109096690155657
"278",0,1,0,0.58,0,0,0,0,0,0,0,0,0,0,0,0,1.76,0,1.17,0,0,0,0,0,0.521018152372205
"279",0,1,0,0,0,0.71,0,0,0,0.71,0,0,0,1.43,0,0,4.31,0,1.43,0,0,0.71,0,0.8424288832757,0.293984948055802
"280",0,0,0.81,0,0.81,0,0,0.4,0,0,0,0,0,0,0,0,1.22,0,0.81,0.81,0,0,0,1.56715652017749,0.169424547160848
"281",0,1,0,0,0,0,0.75,0,0,0.75,0,0,0,0,0,0,2.25,0,0,0,0,0,0,0.162118849476435,0.491461218207465
"282",1,1,0,0,0,0,0,0,0,0,0,0,0,0,0,0,0,0,0,0,0,0,0,0.587786664902119,0.74165892814554
"283",0,0,1.45,0.36,0,0,0,1.45,0,1.09,0,0,0,0.72,0,0,2.54,1.81,0.72,0,0,0,0.36,0.963937385341508,0.351730780428192
"284",0,0,0,1.05,0,0,0,0,0,0.52,0,0,0,0,0,0,0,0,0,0,0,0,0,0.98394938034797,0.509036975994825
"285",0,0,0.36,0.09,0,0.18,0.09,0,0,0.81,0,0.36,0,0,0,0,1.99,0,3.35,0,0.36,0.09,0,1.32734021827622,0.123194291203272
"286",1,0,0,0,0,0,0,0,0,0,0,0,0,0,0,0,0,0,0,0,0,0,0,0.105260510657493,0.543381504644152
"287",1,1,0.87,0,0,0,0,0,1.31,0.43,0,0,0,1.75,0,1.31,2.63,0,0.87,0,0,0,0,0.542324290825362,0.509103588446542
"288",1,1,0.96,0.48,0,0,0.48,0,0.48,0.48,0,0,0,1.44,0,1.92,0.96,0,1.44,0,0.48,0,0,1.48997847239677,0.492620626080029
"289",0,0,0,0,0,0,0,0,0,0.41,0,0,0,0.41,0,0.82,3.73,0,1.24,0,0,0.41,0,1.15246896145882,0.124075531755175
"290",0,0,0,0,0,0,0,0.67,0,0.67,0.67,0,0,0,0,0,2.68,0,0,0,0,0,2.68,0.957048724346323,0.148788047351919
"291",0,0,0,0,0,0,0,0,0,0,0,0,0,0,0,0,1.29,0,0.64,0,0,0,0,0.0980337402713654,0.361136944362025
"292",0,0,0,0,2,0,0,0.5,0.5,0.5,0,0,0,0.5,0,1.5,3,0,1.5,0,0.5,0.5,0,1.54436591569039,0.0865511285683436
"293",1,1,0,0,0,0,0,5.26,0,5.26,0,0,0,0,0,0,0,0,0,0,0,0,0,1.16315080980568,0.986487801880877
"294",0,0,0,0.21,0,0,0,0,0,0,0,0,0,0,0,0,1.95,0,0.21,0,0,0,0,0,0.327776028625844
"295",0,0,1.41,0,0.47,0,0,0.47,0.47,0.94,0,0,0,0.94,0,0,1.88,0,0.94,0,0,0,0,0.0971267107307228,0.307271907293937
"296",0,0,0,0,0,0,0,0,0,0,0,0,0,0,0,0,0,0,0,0,0,0,2.06,0.796154930634174,0.307191266496134
"297",0,1,1.11,1.11,0.27,0,0,0,0,0.83,0,0,0,0.83,1.11,0.27,1.38,0,1.11,0,0.55,0,0,0.921079248605952,0.572443697593467
"298",0,0,0,0,0,0,0,0,0,0,0,0,0,0,0,0,0,0,0.24,0,0,0,1.93,0.869618323675724,0.299862565414243
"299",0,0,0.12,0.12,0,0.12,0.25,0,0.12,1.14,0.25,0,0,0,0.25,0,0,0,0,0,0.25,0,3.04,0.893636041309349,0.252236776385823
"300",0,0,0,0,0,0,0,0,0,4.54,0,0,0,0,0,0,0,0,0,0,0,0,0,1.65822807660353,0.668396580074706
"301",0,0,0,0,0,0,0,0,0,0.91,0,0,0,0,0,0.22,0,0,0,0,0,0,0.22,0.569848964215452,0.535178087374352
"302",0,0,1.4,0.46,0.93,0,0,0,0,0,0.46,0,0,0.46,0.46,0,1.87,0,1.4,0,0,0,0,1.38629436111989,0.137265933908254
"303",1,1,0.23,0.23,0,0,0,0.47,0,1.43,0,0,0,0.71,1.43,0,5.26,0,2.63,0,0.71,0.23,0,1.73712727357499,0.21624202413497
"304",1,0,2.91,0,0.72,0,0,0,0,0,0,0,0,1.45,0,0,0,0,0,0,0,0,0,0.577175004307525,0.347252207096541
"305",0,1,0,0,0,0,0,0,0,2.89,0,0,0,1.44,0,0,5.79,0,0,0,0,0,0,0.271552690521897,0.433245089624765
"306",1,1,0.72,0,0,0,0,0,0,0.36,0.18,0,0,0.36,0,0,1.44,0,0.36,0,0,0,0.36,1.09460426727057,0.512685499334866
"307",0,0,0,0,0,0,0,0,0,0.68,0,0,0,0,0.68,0,0.68,0,0,0,0,0,0,0.343589704390077,0.528821243788124
"308",0,0,0,0,0,0,0,0,0,1.06,0,0,0,0,0,1.06,0,0,0,0,0,0,2.12,0.765932850285593,0.335792496696815
"309",0,0,0,0,0,0,0,0,0,0,0,0,0,0,0,0,3.09,0,0,0,0,0,1.03,0,0.173489614883288
"310",0,0,1.42,0,0,0,0,0,0,0.95,0,0,0,0,0.95,0,2.38,0,2.38,0,0.47,0,0,1.64615549536926,0.121683507519855
"311",1,0,0,0,0,0,0,0,0,0,0,0,0,0,0,0,0,0,0,0,0,0,0,1.09861228866811,0.482071228187122
"312",1,1,0.99,0,0.49,0.99,0,0.24,0,0.49,0,0,0,0.49,0.99,0.74,1.98,0.74,0.99,0,0,0.49,0,1.16907075231667,0.412115999234361
"313",0,1,0,0,0,0,0,0,0,1.11,0,0,0,0,0,0,0,0,0,0,0,0,4.44,0.702106921931417,0.37509435348084
"314",0,1,0,0,0,0,0,0,0,2.18,0,0,0,0,0,0,1.45,0,0,0,0,0,2.18,0.579418415231602,0.498850399881851
"315",0,0,0.65,0,1.31,0,0,0,0,0.65,0,0,0.65,0,0,0,3.28,0,0.65,0,0,0.65,0,0.524728528934982,0.0815216015301662
"316",1,0,0,0,0,0,0,0,0,0,0,0,0,0,0,0,0,0,0,0,0,0,0,0.405465108108164,0.524906043257456
"317",1,0,0.6,0,0,0,0,0,0,0.6,0,0,0,0,0,0,3.01,0,0,0,0,0,0,0.551007413398823,0.208503241233525
"318",1,0,0,0,0,0,0,0,0,0,0,0,0,0,0,0,1.78,0,0.89,0,0,0,0,0.615185639090233,0.272149973447617
"319",0,0,1.17,0,0,0,0,0,0,0.39,0,0,0,0.78,0,0,1.56,0,1.96,0,0,0.78,0,1.41366630791574,0.176304956996222
"320",1,0,0,0.65,0,0,0,0,0,0,0.65,0,0,0,0,0,1.31,0,0,0,0,0,0,0.938052223655668,0.371416085485751
"321",1,0,0,0,0,0,0,0,0,0,0,0,0,1.38,0,0,1.38,0,0,0,0,0,0,0.510425543744651,0.500026658849191
"322",1,0,0,0,0,0,0,0,0,0,0,0,0.29,0.29,0,0.29,1.79,0,0.59,0,0.29,0,0,0.904218150639886,0.278297242398036
"323",0,0,0.1,0,0,0,0,0,0,0.1,0,0.1,0,0,0,0,0,0,0,0,0,0,0.4,0.711478137244669,0.465706509608797
"324",0,1,0,0,0,0,0,1.78,0,3.57,0,0,0,0,0,0,8.92,0,1.78,0,0,0,0,0.870456195530356,0.127546824456722
"325",1,0,0,0.69,0,0,0.23,0,0,0,0,0,0,0,0,0,0,0,0,0,0,0,0.92,0.440832251945456,0.401273000677024
"326",0,1,0,0,0,0,0,0,0,0,0,0,0,0,0,0,1.86,0,0,0,0,0,3.73,0.641853886172395,0.222476153806303
"327",0,0,0,0,0,0.67,0,0.67,0,0,0,0,0,0,0,0,0,0,0,0,0,0,0,1.52974514352485,0.496538298709948
"328",0,1,0,1.1,0.36,0,0,0,0.36,0.36,0,0,0,0.36,0,0,2.21,1.1,2.95,0,1.47,0,0,1.09861228866811,0.337942008804256
"329",1,0,0,0,0,0,0,0,0,0,0,0,0,0,0,0,0,0,0,0,0,0,0,1.33815398579196,0.467297407336503
"330",1,0,0,0,0,0,0,0,0,0,0,0,0,7.69,0,0,7.69,0,0,0,0,0,0,0,0.447607174221441
"331",0,0,1.54,0,0,0.51,0,0.51,0,0.51,0.51,0,0,0.51,0,0,1.54,0,1.03,0,0,0,0.51,0.537077994910056,0.246589593624764
"332",0,0,0,0,0,0,0,0.35,0,0.35,0,0,0,0,0,0,1.42,0,0,11.42,0,0,0,2.01009146354504,0.0177472678791855
"333",0,0,0,0,0,0,0.64,0,0,0,0,0,0,0,0,0,1.29,0,0,0,0,0,0,0.438899884194402,0.31429973925794
"334",0,0,0,0,0,0,0,0,0,0.85,0,0,0,0.85,0,0.85,4.7,0,0.85,5.55,0,0,0,1.96990565461153,0.0228844852395024
"335",1,0,0,0,0,0,0,0,0,0,0,0,0,0,0,0,0,0,0,0,0,0,0,0,0.549833997312478
"336",0,0,0,0,0,0,0,0,0,0,0,0,0,0,0,0,0,0,0,0,0,0,2.4,0.772882148578799,0.280443169617235
"337",0,0,0.85,0.85,0,0,0,0.42,0,2.13,0,0,0,0,1.7,0,0.85,0,0.85,0,0,0.42,0,1.74291930380858,0.448478042401874
"338",0,0,1.11,0,0,0,0,0,1.11,0,0,0,0,0,0,0,0,0,0,0,0,0,0,0.250758718347183,0.438073818951027
"339",1,0,0.6,0,0,0,0,0,0,0,0.6,0,0,2.42,0,0.6,0,0,0.6,0,0.6,0,0,0.832909122935104,0.64803718425951
"340",0,0,0,0,7.27,0,0,0,0,0,0,0,0,0,0,0,0,0,0,0,0,0,0,0.893636041309349,0.0574926785551597
"341",0,1,0,0,0,0,0,0,0,0,0,0,0,0,0,0.68,4.08,0,0.68,0,0,0,0,0.474369086755376,0.281248323121642
"342",0,0,0,0,0,0,0,0,0,0,0,0,0,0,0,0,4.44,0,0,0,0,0,0,0.318453731118535,0.139101728335556
"343",0,0,0,0.93,0,0.18,0.37,0.75,0,2.06,0,0,0,0,0.37,0,2.44,0,0.93,0,0,0.18,0,0.992510757785564,0.307464864629718
"344",0,1,0.63,0.63,0.31,0.31,0,0,0,0.31,0.31,0,0,0.31,0.31,0,2.55,0,3.19,0,0,0.31,0,0.415415438961332,0.252883841324793
"345",0,1,0.53,0,0.53,0,0,0.53,0,0,0,0,0,0,0.53,0,5.85,0,3.19,0,0,0,0,0.890767774643069,0.075516294487194
"346",0,0,1.03,0,0,0,0,0,0,0,0,0,0,0,2.06,1.03,4.12,0,0,0,0,0,0,0.379121132768562,0.165897488040133
"347",1,0,0.18,0.12,0,0.25,0.75,0.31,0.25,1.51,0.31,0.37,0,0.37,0.44,0.12,2.96,0.69,1.26,0,0.44,0.75,0,1.3015531326648,0.17854720188232
"348",0,0,0.43,0.6,0.43,0.26,0.69,0.52,0.26,1.3,0.17,0,0.6,0.69,0.08,1.47,2.43,0.17,1.04,0,0.95,0.17,0,1.81515042201863,0.146848818895266
"349",0,0,0,0,0,0,0,0,0,0.41,0,0,0,0.41,0,0.82,3.73,0,1.24,0,0,0.41,0,1.15246896145882,0.124075531755175
"350",1,0,0,0.6,0,0,0,0,0,0,0,0,0,0,0,0,3.61,0,0,0,0,0,0,0.672944473242426,0.173469735361639
"351",0,1,0,0,1.63,0,0,1.63,1.63,0,0,0,0,0.81,0,0,4.09,0,0,0,0,0,0,2.76732489256468,0.290942036858217
"352",1,1,0,0,0,0,0,0,0,0,0,0,0,0,0,0,0,0,1.51,0,0,0,0,0.476855104194837,0.657938542865768
"353",1,0,0,0,0,0,0,0,0,1.07,0,0,0,0,0,0,1.07,0,0,0,0,0,0,0.347835995271528,0.465108833578104
"354",0,0,0.54,0,1.08,0,0,0,0,0.54,0,0,0,0.54,0.54,0,4.32,0,1.08,0,1.62,0,0,1.67203705419062,0.0728286476598731
"355",0,0,0,0,0,0,0,0,0,0,0,0,0,0,0,0,2.85,0,0,0,0,0,0,1.12200324145869,0.209926320623939
"356",1,0,0,0,0,0,0,0,0,0,0,0,0,0,0,0,0,0,0,0,0,0,0,0.643956936369174,0.510177306620508
"357",1,0,0.72,0,0,0,0,0,0,0.36,0.18,0,0,0.36,0,0,1.44,0,0.36,0,0,0,0.36,1.09460426727057,0.279036259215613
"358",1,0,2.32,0,0,0,0,0,0,0,0,0,0,0.77,0,0,0,0,0,0,0,0,1.55,0.8754687373539,0.248086900071434
"359",1,0,1.03,0,0.68,0,0,0.68,0,0.68,0,0,0.34,0.68,0,0,5.86,0,1.37,0,0.34,0.34,0,0.63921883853439,0.0491180416243355
"360",1,1,2.22,0,0,0,0,0,0,3.33,0,0,0,0,0,0,1.11,0,1.11,0,0,0,1.11,0,0.471806596954244
"361",0,0,0,0,0,0,0,0,0,0,0,0,0,0,0,0,0,0,0,0,0,0,20,1.64865862558738,0.000293439796232871
"362",0,1,0,0,0,0,0.6,0,0,0,0,0,0,0,0,0,0.6,0,1.21,0,0,0,3.63,1.51204556642545,0.181578012787887
"363",1,0,0,0,0,0,0,0,0,0,0,0,0,1.85,0,0,1.85,0,0,0,1.85,0,0,1.57546739286295,0.432663787895383
"364",1,1,0,0,0,0,0,0,0,0.86,0,0,0,0,0,0.86,0.86,0,2.58,0,0,0,1.72,0.594431207620788,0.350534056230751
"365",1,0,0.14,0,0,0.43,0,0,0.14,1.43,0.07,0,0,0,0.93,0,0,0,0,0,0,0,4.3,0.872965607135781,0.208374016173085
"366",0,0,0,0,0,0,0,0,0,0.75,0,0,0,0,0,0,3.75,0,0,0,0,0,0,0.362557607096888,0.200839125998997
"367",1,0,0,0,0,0.38,0.38,0,0,0,0,0,0,0.38,0,0.38,0.38,2.67,0,0,0.76,0.38,0,0.771033719217016,0.50119723936642
"368",1,0,0,0,1.47,0,0,0,0,0,0,0,0,0,0,0,0,0,1.47,0,0,0,0,1.14740245283754,0.256987965849836
"369",0,0,0,0,0,0,0,0,0,0,0,0,0,0,0,0,6.66,0,0,0,0,6.66,0,1.02137120832466,0.0151527946799015
"370",1,1,0,0,0,0,0,1.23,0,2.46,0,0,0,0,0,0,0,0,0,0,0,0,0,0.761739972025557,0.885785721755677
"371",0,0,0,0,0,0,0,0,0,0,0,0,0,0,0,0,0,0,0,0,0,0,0,0.693147180559945,0.507136380251162
"372",0,0,0.85,1.02,0.25,0.17,0.59,0.08,0.17,0.59,0.17,0,2.21,0.25,0.08,0.93,1.62,0.17,0.42,0,0.85,0.08,0,2.02300345657613,0.102739789986646
"373",0,0,0,0,0,0,0,1.19,0,2.38,0,0,0,0,0,0,1.19,0,0,0,0,0,1.19,0.962028623548009,0.493132983051246
"374",1,1,1.63,0,0,0,0,0,0,0.54,0,0,0,0.54,0.54,0,2.17,0,5.97,0,0.54,0,0,0.852285401898243,0.148399769172222
"375",0,0,0,0,0,0,0,0.84,0,0.84,0,0,0,0,0,0,4.2,0,0,0,0,0,1.68,0.374318379111328,0.134962579755067
"376",1,1,0,0,0,0,0,0,0,0,0,0,0,0,0,0,0,0,0,0,0,0,0,0.166361537215225,0.761123664376944
"377",0,1,0,0,0,0,0,0,0,0,1.01,0,0,0,0,0,2.02,0,0,0,0,0,0,0.837247524533702,0.563604140241222
"378",1,0,0,0,0,0,0,0,0,0.65,0,0,0,0,0,0,0,0,0,0,0,0,0,0.819339205797705,0.531901300450925
"379",0,0,0,0,0,0,0,0,0,0,0,0,0,0,0,0,0,0,0,0,0,0,0,0.336472236621213,0.529159956959492
"380",1,0,0.85,0.85,0,0,0,0.42,0,2.13,0,0,0,0,1.7,0,0.85,0,0.85,0,0,0.42,0,1.74291930380858,0.448478042401874
"381",0,0,0,0,0,0,0,0,0,0,0,0,0,0,0,0,0,0,0,0,0,0,0,0.435023910349709,0.523082384688946
"382",0,0,0.72,0,0,0,0.48,0,0,0.48,0,0,0,0,0,0.96,0.96,0,0.72,0,0,0,0,0.553885113226438,0.270042207204872
"383",1,0,0,0,0,0,0,0,0,0,0,0,0,0,0,0,0,0,0,0,0,0,0,0,0.549833997312478
"384",0,0,0,0,0,0,0,0,0,1.16,0,0,0,0,0,0,0,0,0,0,0,0,1.16,0.389335726178281,0.469238430018229
"385",0,1,0,0,0.9,3.63,0,1.81,0,0.9,0,0,0,0,0.9,0,2.72,0,3.63,0,0,0,0,0,0.292993669533275
"386",0,0,0.64,0,0.64,0,0,0,0,0.64,0,0,0,0,0,0,5.8,0,0.64,0,0,0,0,1.05605267424931,0.0426345002967519
"387",0,1,0,0,0,11.11,0,0,0,0,0,0,0,0,0,0,0,0,11.11,0,0,0,0,0,0.0158916725818808
"388",0,1,0,0,0,0,0,0,0,0,0,0,0,0,0,0,4.22,0,1.4,0,0,0,1.4,0.975691075155603,0.136983644712256
"389",0,0,0,0,0,0,0,0,0,0,0,0,0,0,1.48,0,1.48,0,0.74,0,0,0,2.96,0.938052223655668,0.153047754929683
"390",1,0,0,0,0,0.12,0,0,0,0.12,0,0,0.12,0,0,0,0.12,0,0,0,0,0,0.9,1.66089119402302,0.342904590631822
"391",0,0,0,0,0,0,0,0,0,0,0,0,0,0,0,0,3.17,0,4.76,0,0,0,0,0.207014169384326,0.0699073315300211
"392",0,0,0.76,0.05,0.15,0.02,0.55,0,0.1,0.47,0.02,0,0,0,0.02,0.13,2.09,0.1,1.57,0,0.05,0,0,0.941958478622733,0.133982227591631
"393",0,1,1.12,0.56,2.25,0,0,0.56,0,0.56,0,0,0,0,0,0.56,3.38,0,1.12,0,0,0,0,2.79141047648037,0.0989807519323908
"394",0,0,0.9,0.15,0,0,0.9,0,0,0.75,0.15,0,0,0,0.3,0,2.26,0,0.9,0,0.15,0.3,0,0.820220263123421,0.142852513149419
"395",0,0,0,0,0,0,0,0,0,0,0,0,0,0,0,0,5,0,0,0,0,0,0,0,0.120342656344019
"396",0,0,0,0,0,0,0,0,0,0,0,0,0,0,0,0,0,0,0,0,0,0,0,0,0.549833997312478
"397",0,0,0,0,0,0,0,0,0,0,0,0,0,0,0,0,0,0,0,0,0,0,0,1.76763752710765,0.440968658415417
"398",1,0,0,0,0,0,0,0,0,0,0,0,0,0,0,0,0,0,0,0,0,0,0,0,0.549833997312478
"399",1,0,0,0,0,0,0,0,0,0,0,0,0,0,0,0,0,0,0,0,0,0,0,0,0.549833997312478
"400",0,0,0.42,0.08,0.08,0.42,0.08,0.08,0,0.6,0.17,0.17,0,0,0.17,0.08,1.2,0,3.17,0,0.34,0.08,0,1.4036429994545,0.162226988588493
"401",1,1,0,0,0,0,0,1.66,0,0,0,0,0,0,0,0,0,0,0,0,0,0,0,1.34807314829969,0.831956459025819
"402",0,1,0.36,0.09,0,0.18,0.09,0,0,0.72,0,0.36,0,0,0,0,2,0,3.27,0,0.36,0.09,0,1.33920275358604,0.27583320846513
"403",0,0,0.59,0,0,0.59,0,0,0,1.19,0,0,2.38,0,0.59,0.59,2.97,0,2.97,0,1.78,0,0,1.23197700073553,0.0566318055075737
"404",1,0,0,0,0,0,0,0,0,0,0,0,0,0,0,0,0,0,0,0,0,0,0,0.587786664902119,0.513648802335113
"405",1,0,0,0,0,0,0,0,0.58,4.09,0,0,0,0,0,0,0,0,0,0,0,0,1.16,0.19062035960865,0.623701327381732
"406",0,0,0.62,0,0,0,0,0,0,1.25,0,0,0,1.88,0,0,4.4,0,0,0,0,1.25,0,0.53356511073548,0.211159580400185
"407",1,0,0,0,0,0,0,0,0,0,0,0,0,0,0,0,1.29,0,0,0,0,0,1.29,0.618962282370569,0.26325399440732
"408",0,1,0.73,0.73,0.73,0.09,0.83,0.27,0.27,0.64,0.27,0,1.47,0.09,0,1.2,1.38,0.18,0.64,0,0.55,0.18,0,2.13357455025976,0.230309469712457
"409",0,0,0.68,0,0,0,0,0,0,0.34,0,0,0,0,0,0,0.34,0,2.04,0,0,0,0,0.0601539228197471,0.331695339558303
"410",0,0,0.6,0,0,0,0,0,0,0.6,0,0,0,0,0,0,3.01,0,0,0,0,0,0,0.551007413398823,0.208503241233525
"411",1,0,0,0,0,0,0,0,0,0,0,0,0,0,0,0,0,0,0,0,0,0,4,0.564176799262985,0.178770495245586
"412",0,1,0.35,0.7,0.35,1.41,0,0,0.35,1.06,0,0,0,0.7,1.06,0,5.3,2.82,2.82,0,0,0,0,1.07055569088558,0.164967824910825
"413",1,1,0.89,0.13,0,0.2,0,0,0,0.13,0.06,0,0,0,0.96,0,0,0,0,0,0,0,1.1,1.07295254188753,0.604088675667291
"414",0,0,0,0,0,0,0,0,0,1.03,0,0,0,0,0,0,3.09,0,0,0,0,0,1.03,0.510425543744651,0.185330070064302
"415",0,0,0.93,0,0,0,0,0.93,0,0.46,0,0,0,0,0,0,1.4,0,0,0,0,0,4.22,1.72151581583945,0.0896058860985747
"416",1,0,0.64,0,0,0,0,1.29,0,0,0,0,0,2.59,0,0,3.24,0,0.64,0,0,0,0,1.7635314477715,0.381236254750347
"417",0,0,0,0,0,0,0,0,0,0,0,0,0,0,0,0,0,0,0,0,0,0,0,0,0.549833997312478
"418",0,0,0,0,0,0,0,0.63,0,0,0,0,0.63,0,0,0,4.45,0,0,0,0,0,0,0.308219723669329,0.153328868228619
"419",1,0,0,0,0,0,0,0,0,0,0,0,0,0,0,0,0,0,0,0,0,0,0,1.70474809223843,0.444806881919191
"420",0,0,1.49,0,0,0,0,0.99,0.49,0,0,0,0,0.49,0,0,0.99,0.49,1.99,0,0,0.49,0,1.55814461804655,0.252584551925897
"421",0,0,0,0,0,0,0,0,0,0,0,0,0,0,0,0,4.34,0,0,0,0,0,0,1.18172719537862,0.119990413699899
"422",1,1,0.82,0,0,0,0,0,0,0,0,0,0,0,0,0,0.82,0,1.1,1.93,0,0,0,1.90106220411851,0.315269902600126
"423",1,1,0,0,0,0,0,0,0,0,0,0,0,0,0,0,1.78,0,0,0,0,0,1.78,0.405465108108164,0.40491289933185
"424",0,1,0,0,0,11.11,0,0,0,0,0,0,0,0,0,0,0,0,11.11,0,0,0,0,0,0.0158916725818808
"425",0,0,0,0,0,0,0,0,0,0.48,0,0,0,0,0,0.1,0.97,0,0.1,3.47,0,0,0,1.32601343023496,0.182500966714952
"426",0,1,0.65,0.65,0.32,0.32,0,0,0,0.32,0.32,0,0,0.32,0.32,0,2.28,0,3.25,0,0,0.32,0,0.401457086710626,0.272163810297902
"427",1,0,0,0,0,0,0,5,0,0,0,0,0,0,0,0,0,0,0,0,0,0,0,1.57339614108683,0.882743387869955
"428",0,0,0,0,0,0,0,0,0,0.69,0,0,0,0,0,0,2.09,0,0,0,0,0,0,0.573800422927379,0.327714563350412
"429",0,1,0,0,0,0.86,0,0,0,1.73,0,0,0,0,0,0,0,0,0,0,0,0,3.47,0.587786664902119,0.464591569861652
"430",0,0,0.61,0.3,0.4,0.1,1.42,0.81,0.1,0.5,0,0,0,0.1,0,1.11,2.23,0.5,2.03,0,0,0.3,0,1.16283826096738,0.0941894859411942
"431",0,1,0,0,2.1,0,0,0,0,1.05,0,0,0,0,0,0,4.21,0,0,0,0,0,0,0.99139820436096,0.185483463882351
"432",0,0,1.41,0,0,0,0,0,0,1.76,0,0,0,0,0.35,0,0,0,0,0,0,0,1.06,0.745739630679116,0.392081272465042
"433",0,0,0.69,0,0,0,0,0,0,0,0,0,0,0,0,0,0.69,0,0,0,0,0,2.08,0.693147180559945,0.209479779013081
"434",0,0,0,0,0,0,0,0,0,0,0,0,0,0,0,0,3.79,0,0,0,0,0,0,0,0.188558270179006
"435",0,0,0,0,0,0.4,0,0,0,0.81,0.4,0,0,0,0,0,1.22,0,0,0,0,0,2.86,0.476855104194837,0.191083344269893
"436",0,0,0,0,0,0,0,0,0,0,0,0,0,0,0,0,0,0,0,0,0,0,2.08,0.574926549172514,0.317239426550754
"437",0,0,0.69,0,0,0,0,0,0,1.38,0,0,0,0,0,0,0.69,0,0.69,0,0,0,1.38,0.911479174876933,0.264391813553727
"438",0,0,0.92,0,0,0,0,0,0,0.92,0,0,0,0,0,0,0.92,0,0.92,0,0,0,0,0.405465108108164,0.33488658823208
"439",1,0,0.6,0.2,0,0,0.1,0,0,0.5,0,0,0,0,0.1,0,0.2,0,0,0,0,0,0,0.124868982045869,0.488205487963224
"440",0,1,0,0,0,0,0,0,0,0,0,0,0,0,0,0,12.19,0,4.87,0,0,9.75,0,0,0.000687044785548488
"441",0,0,0.27,0,0,0.27,0,0,0,0.27,1.91,0,0.27,0.27,0,0.54,0,0,0,0,0,0,0.27,0.924258901523332,0.513795292780098
"442",0,0,0,2.94,0,0,0,0,0,0,0,0,0,0,0,0,2.94,0,0,0,0,0,0,0,0.239259806076961
"443",1,0,0.44,0,0,0,0,0,0,0.88,0,0,0,0,0,0,1.32,0,0.44,0,0,0,1.76,0.670390193437329,0.208146097180301
"444",0,1,0.47,0.47,0.15,0.79,0.15,0.63,0.31,1.42,0,0,0,0,1.58,0,2.05,1.58,3.95,0,0.15,0.47,0,1.65651231982003,0.350540985026135
"445",1,0,0,0,0,0,0,0,0,2.77,0,0,0,0,0,0,2.77,0,0,0,0,0,5.55,1.17865499634165,0.0498381698371331
"446",1,0,0.12,0,0,0,0,0,0,0.9,0,0,0,0.12,0,0.12,0.12,0,0.12,0,0,0,0,0.882527101721346,0.518612478796614
"447",0,0,0.42,0.08,0.08,0.42,0.08,0.08,0,0.6,0.17,0.17,0,0,0.17,0.08,1.2,0,3.17,0,0.34,0.08,0,1.4036429994545,0.162226988588493
"448",1,0,0.55,0,0,0,0,0.55,0,0,0,0,0,0.55,0,0,1.67,0,0.55,0,0,0,0,0.752359040191791,0.353807941969685
"449",0,0,0,0,0,0,0,0,0,0,0,0,0,0,0,0,0,0,0,0,0,0,20,1.2038727993256,0.000327555596622697
"450",1,0,0,0,0,0,0,0,0,0,0,0,0,0,0,0,0,0,0,0,0,0,0,1.44125591919386,0.460954653083053
"451",1,1,0,0,0,0,0,0,0,0,1.08,0,0,0,0,0,2.17,0,0,0,0,0,0,1.21994457383563,0.526394492933034
"452",0,0,0,0.8,0,0,0.8,0,0,0,0,0,0,0,0,0.8,1.6,0,0,0,0,0,0,0.153579087928301,0.27089655414999
"453",0,0,0.04,0.23,0.04,0.32,0.38,0.81,0.21,0.9,0.79,1.24,0.02,0.21,0.36,0.04,3.49,0,1.54,0,1.09,0.36,0,1.69726562279962,0.170806961871994
"454",1,0,0,0,0,0,0,0,0,0,0,0,0,0,0,0,0,0,0,0,0,0,0,0,0.549833997312478
"455",1,1,0,0,0,0,0,0,0,1.28,0,0,0,0,0,0,1.28,0,6.41,0,0,1.28,0,1.64499808783265,0.173828267260489
"456",0,0,0,0,0,0,0,0,0,0,0,0,0,0,0,0,2.96,0,1.48,0,0,0,0,1.01160091167848,0.146084319124839
"457",1,0,0.12,0.25,0,0,0,0,0,0.25,0,0,0,0,0.25,0.12,1.03,0,0.38,0,0,0,0.9,0.399447035782601,0.319112270440732
"458",1,0,0.32,0,0,0.32,0.32,0.64,0,1.28,0,0,0,2.56,0.96,0,3.84,0,0.96,0,0,0,0,0.781158057882659,0.373448863605601
"459",1,0,1.39,0,0.93,0.93,0,0,0.46,0.93,0,0,0,1.39,0,0.46,0.93,0,0.46,0,0,0,0,0.366031038862757,0.322267702163798
"460",1,0,0,0,0,0,0,0,0,0,0,0,0,0,0,0,2.03,0,0,0,0,0,2.53,0.231111720963387,0.148225929137579
"461",1,0,0,0,0,0,0,0,0,1.84,0,0,0,0,0,0,0,0,0,0,0,0,0,0.919485622770674,0.584633182319977
"462",0,0,0,0,0,0,0,0,0,1.58,0,0,0,0,0,0,2.38,0,0.79,0,0,0,0,0.0861776962410524,0.316442290550736
"463",0,0,0,0,0,0,0,0,0,0,0,0,0,0,0,0,0,0,0,0,0,0,0,0.405465108108164,0.524906043257456
"464",0,0,1.42,0,0,0,0,0,0,0.95,0,0,0,0,0.95,0,2.38,0,2.38,0,0.47,0,0,1.64615549536926,0.121683507519855
"465",0,0,0,0,0,0,0,0,0,0,0,0,0,0,0,0,0,0,0,0,0,0,0,0.635518067723309,0.510698925552218
"466",1,0,0.38,0,0.19,0,0,0.57,0.19,0,0.19,0,0.19,0.19,0,0.95,0.19,0.19,0.95,0,0,0,0,1.91530365531951,0.364039369787271
"467",1,0,0,0,0,0,0,0,0,0,0,0,0,0,0,0,0,0,0,0,0,0,0,0.405465108108164,0.524906043257456
"468",0,0,0,0,0,0,0,0,0,0,0,0,0,0,0,0,0,0,0,0,0,0,0,0,0.549833997312478
"469",0,0,0.65,0,0,0,0,0,0,0.52,0,0,0,0.13,0.13,0,1.18,0,0,0,0,0,0.52,1.0564004398588,0.30668625514025
"470",0,0,0,1.12,0,0,0,0,0,0,0,0,0,0,0,0,0,0,0,0,0,0,0,0.193920692637306,0.531348164967989
"471",0,0,0.68,0,0,0,0,1.81,0,0.68,0,0,0,0.22,0,0,3.4,0,1.81,0,0,0,0,1.80681227185435,0.189216207218004
"472",0,0,0.62,0,0,0,0,0.62,0,0,0,0,0,0.62,0,0,1.24,0,0.62,0,0,0,0,0.70951253464621,0.403995474923325
"473",0,0,1.17,0,0,0,0,0,0,3.52,0,0,0,0,0,0,1.17,0,0,0,0,0,0,0.53062825106217,0.468169441512358
"474",0,1,0.81,0,0,0,0,0,0,0.81,0.81,0,0,0,0,0,1.62,0,0,0,0,0,0.81,0.0535407669280298,0.541631593182252
"475",0,1,0,0.39,0.79,0,0,0.39,0,0.79,0,0,0,0,0.39,0,2.37,0,2.76,0,1.18,0.79,0,1.00795792039998,0.291428979059995
"476",0,0,0,0,0,0,0,0,0,0.48,0,0,0,0,0,0.1,0.97,0,0.1,3.47,0,0,0,1.32601343023496,0.182500966714952
"477",0,0,0,0,0,0.83,0,0,0,0,0,0,0,0,0,0,0,0,0,0,0,0,0.83,0.677525799656989,0.387181255101055
"478",1,0,0,0,0,0,0,0,0,0,0,0,0,0,0,0,0,0,0,0,0,0,0,2.14006616349627,0.418397971975876
"479",1,0,0,0,0,0,0,0,0,0,0,0,0,0,0,0,0,0,0,0,0,0,0,0,0.549833997312478
"480",1,0,0.38,0,0.19,0,0,0.57,0.19,0,0.19,0,0.19,0.19,0,0.95,0.19,0.19,0.95,0,0,0,0,1.91530365531951,0.364039369787271
"481",0,0,0,0,0.34,0,0,0.34,0,0,0,0,0.34,0.68,0,1.37,1.03,0,1.03,0,0,0,0,1.14135244234427,0.328419640204454
"482",0,0,0,0,0,0.56,0,0,0,0,0,0,0,0,0,0,1.12,0,0,0,0,0,0,1.50407739677627,0.316009789702826
"483",1,0,0,0,0,0,0,0,0,0,0,0,0,1.16,0,0,0.77,0,0,7.36,0,0,0,2.0218124288432,0.0886210159856967
"484",0,1,1.35,0,0.33,0,0,0,0.67,0.67,0.33,0,0,1.01,0,1.68,2.36,0,3.71,0,0,0,0,5.26527751246984,0.0906253202598731
"485",0,0,0.63,0,0,0,0,0,0,0,0,0,0,0,0,0,0,0,0,0,0,0,0,0.464991087422191,0.468734911948439
"486",0,1,0.74,0,0,0,0,1.49,0,0,0,0,0,0,0,0,1.49,0,0.74,0,0,0,2.98,0.958200134951365,0.338718697334029
"487",1,1,0,0,0,0,0,0,2,2,0,0,0,0,0,0,2,0,8,0,0,0,0,1.77291638142658,0.118167044464896
"488",1,1,0,0,0,0,0,0,0,3.33,0,0,0,0,0,0,0,0,0,0,0,0,0,0.262364264467491,0.858560485011977
"489",1,0,0,0,0,0,0,0,0,0,0,0,0,0,0,0,0,0,0,0,0,0,0,0,0.549833997312478
"490",0,0,0.44,0,0.22,0,0,2.43,1.1,0.44,0,0,0,0,0,1.55,2.88,0,2.21,0,0,0,0,0.945461109173935,0.249275875175502
"491",1,0,0.12,0,0,0,0,0,0,0.99,0,0,0,0.12,0.12,0.12,0.12,0,0.12,0,0,0,0,0.865418401500398,0.53128582463268
"492",1,0,0.24,0,0,0,0.24,0.49,0,0.49,0,0,0.24,0.24,0,0,0.24,0,0.49,0,0,0,0,1.71469842309159,0.421156322475122
"493",0,0,1.91,0,0,0,0,0,0,1.91,0,0,0,0.47,0,0,0,0,0,0,0,0,0,0.209450224182207,0.518719287399866
"494",1,1,0.8,0.8,0.5,0,0.8,0.1,0.3,0.7,0.3,0,1.61,0.1,0,1.11,1.31,0.2,0.7,0,0.6,0.1,0,2.14593128294867,0.236981177137324
"495",0,0,0.37,0,0,0,0,0.74,0.37,0.74,0,0,0.37,3.34,0,0,0.74,0,1.48,0,0,0.37,0,1.78925633900994,0.618251581050695
"496",1,1,0.14,0,0,0,0,0,0,0.14,0.29,0,0,0.29,0,0,2.19,0,1.02,0,0,0.43,0,0.903408106043141,0.446691432876394
"497",1,0,0,0,0,0,0,0,0,0,0,0,0,0,0,0,0,0,0,0,0,0,0,1.33157414891966,0.467702575014152
"498",0,0,0,0,0,0,0,0,0,0,0,0,0,0,0,0,0,0,0,0,0,0,0,0,0.549833997312478
"499",1,0,0,0.98,0.19,0.19,1.38,0.39,0,0.98,0,0.19,0,0.98,0,0,2.56,0.39,1.38,0,0,1.38,0,1.89491756133068,0.118454656419382
"500",0,1,1.01,0,0,0,0,0.16,0.16,1.69,0.5,0,0,0.33,0,0.16,5.77,0,1.35,0,0,0.84,0,1.32813544694636,0.126849433891753
"501",0,0,0,1.1,0.36,0,0,0,0.36,0.36,0,0,0,0.36,0,0,2.21,1.1,2.95,0,1.47,0,0,1.07568478402441,0.15885026767742
"502",0,0,0,0,1.96,0,0,0,0,0.98,0,0,0,0,0.98,1.96,2.94,0,0.98,0,0,0,0,0.832909122935104,0.118121370074402
"503",1,0,0,1.01,0,0,0,0,0,0,0,0,0,0,0,0,2.02,0,1.01,0,0,0,2.02,0.628608659422374,0.124496028623995
"504",0,0,0.42,0.08,0.08,0.42,0.08,0.08,0,0.6,0.17,0.17,0,0,0.17,0.08,1.2,0,3.17,0,0.34,0.08,0,1.39846993705002,0.162400970195941
"505",0,0,0,0,0,0,0,0,0,0,0,0,0,0,0,0,2.2,0,0.55,0,0,0,0,0.326421900767711,0.268970438083931
"506",0,1,1.77,0.22,0.44,0.44,0.22,2.88,0,0.88,0.22,0,1.1,0.44,0,0.44,3.32,0,3.32,0,0.44,0.44,0,4.4624538837865,0.120242977584232
"507",0,0,0,0.16,0,0,0,0.16,0,1.44,0,0,0,0.16,0,0,3.21,0,0.96,0,0,0,0.16,0.527682740832414,0.221995164209143
"508",0,0,0,0,0,0,0,0,0,0,0,0,0,0,0,0,1.88,0,0,0,0,0,0,1.09861228866811,0.290103582905151
"509",0,0,0,0,0,0,0,0,0,1.58,0,0,0,0,0,0,0,0,0,0,0,0,0,0.23031775506221,0.613040904839413
"510",0,0,1.33,0.22,1.33,0,0,0.22,0.44,0.66,0.22,0,0,1.11,0,1.11,2.66,0,1.77,0,0,0,0,0.665775983763813,0.121941599898281
"511",0,0,0,0.46,0,0.15,0,0.61,0,0.3,1.07,0,0,0,0,0,1.84,0,0.92,0,0.76,1.23,0,1.4655675420144,0.269139466339337
"512",1,1,0,0,0,0,0,0,0,0,0,0,0,0,0,0,1.56,0,0,0,0,0,0,1.76575766668905,0.52004080547769
"513",0,0,0,0,0,0,0,0,0,0,0,0,0,0,0,0,1.75,0,1.75,0,0,0,0,0.602127782172777,0.229507059603069
"514",0,0,0,0,0,0,0,0,0,0,0,0,0,0,0,0,1.7,0,0.85,0,0,0,0.85,0.205386829724951,0.2363388318206
"515",0,0,0,0,0,0,0,0,0,0,0,0,0,0,0,0,0,0,0,0,0,0,0,0,0.549833997312478
"516",1,0,0,0.32,0,0.65,0,0,0,1.62,0,0.32,0,0,0,0.32,0,0,0,0,0,0,0.32,1.40927819751027,0.482099267800357
"517",1,0,0,0,1.25,0,0,0,0.62,0.62,0,0,0.62,2.5,0,1.25,5,0,1.25,0,0,0,0,0.854415328156068,0.100438351160894
"518",1,1,0,0,0,0,0,0,0,0,0,2.94,0,0,0,0,2.94,0,2.94,0,0,0,0,0,0.351059525195806
"519",0,1,0,1.2,0,0,0,0,0,0,0,0,0,0,0,0,4.81,0,3.61,0,0,0,0,0.262364264467491,0.116879214840507
"520",1,0,0,0,0,0,0,0,0,0,0,0,0,0,0,0,0,0,0,0,0,0,0,0,0.549833997312478
"521",0,0,0.32,0,0,0,0,0,0,0.32,0,0,0,0,0,0,0,0,0,0,0,0,0,0.330741561912228,0.518900384104307
"522",0,0,0.48,0,0,0.08,0,0,0,0.81,0.08,0,0.08,0,0.81,0,0.65,0,0.4,0,0,0,1.38,0.628608659422374,0.325201936039378
"523",0,0,0,0.1,0,0,0,0,0,1.66,0.1,0.31,0,0,0.41,0,0,0,0,0,0,0,2.07,0.820660500858905,0.413818254445002
"524",0,0,0,0,0,0,0,0,0,0,0,0,0,0,0,0,1.01,0,0,0,0,0,0,1.11284387091483,0.373441139214802
"525",0,1,0,0,0,0,0,0,0,0,0,0,0,0,0,0,0,0,0,0,0,0,12.88,2.52011290552262,0.0106917067062947
"526",0,1,0.51,0.29,0.07,0,0.07,0.37,0.07,1.48,0.14,0,0.07,0,0.14,0.44,3.55,0,1.85,0,0,0.07,0,1.22729862962943,0.276035647468592
"527",0,0,0,0,0,0,0,0.17,0,0.17,0,0,0,0,0,0,0.17,0,0,0,0,0,1.57,1.57028119723291,0.315218320752913
"528",0,1,1.14,0.19,0,0,0,1.52,0.19,0.76,0.19,0,0,0,1.72,0.38,3.05,0.38,2.67,0,0,0,0,2.83755683858811,0.333179733472078
"529",0,0,0,0,0,0,0,0,0,0,0,0,0,0,0,0,3.92,0,0,0,0,0,0,0.579418415231602,0.159809560255588
"530",0,0,0.68,0,0.68,0,0,0.34,0.34,0,0,0,0,0.34,0,1.36,3.42,0,2.73,0,0,0,0,0.340037302785709,0.0794644466843781
"531",0,1,0.42,0,0.85,0,0,0,0.42,0.42,0,0,0,0.42,0,1.28,3.41,0,1.7,0,0,0,0,1.57691472072854,0.187119835003615
"532",1,0,0,0,0,0,0,0.65,0,0,0,0,0,0,0,0,0,0,0.65,0,0,0,0,1.34988967922609,0.492229109204685
"533",0,1,0,0,0,0,0,0,0,0,0,0,0,0,0,0,0,0,0,0,0,0,0,0,0.768524783499018
"534",0,0,0,0.57,0,0.57,1.15,1.34,0,0.38,0.38,0,1.15,0.19,0.19,1.92,2.11,1.15,1.15,0,1.34,0.77,0,2.68232205252948,0.126175848297266
"535",0,0,0,0,0,0,0,0,0,1.69,0,0,0,0,0.42,0,0,0.42,0,0,0,0,0,0.827678073517551,0.620224262953685
"536",0,1,1.32,0,0.44,0,0,1.32,0,0,0,0,0,0,0.44,0,4.42,0,3.09,0,0,0.44,0,1.02496574849981,0.134113083351508
"537",1,0,0,0,0,0,0,0,0,0,0,0,0,0,0,0,0,0,0,0,0,0,2.56,0.405465108108164,0.286020987841391
"538",0,1,0,0,0,0,0,0,0,0,0.68,0,0,0,0,0,4.1,0,0,0,0,0,0,0.640273690952877,0.342017579672817
"539",0,0,0,0.4,0,0,0,0,0,0.81,0,0,0,0,0,0,1.63,0,0.4,0,0,0,0,0.144965770250186,0.375242227254017
"540",0,0,0,0,4.08,0,0,0,0,0,0,0,0,0,0,0,2.04,0,0,0,0,2.04,0,1.43055045237443,0.0486063194241963
"541",1,0,0,0,0,0.28,0.28,0.57,0,0.57,0,0,0,0,0,0,0,0,0.57,0,0,0,5.2,0.632866249675015,0.119019276466365
"542",0,0,0,0,0,0,0,0,0,1.36,0,0,0,0,0,0,1.36,0,5.47,0,0,0,0,0.835947979191617,0.132449174206231
"543",1,1,0,0,0,0,0,0.73,0,0,0,0,0,0,0,0,0,0,0,0,0,0,2.2,0.854840769557932,0.608036716872418
"544",0,0,0,0,0,0,0,0,0,0,0,0,0,0,0,0,0,0,0,0,0,0,0,0,0.549833997312478
"545",1,0,0.48,0,0.97,0,0,0,0,0.48,0,0,0,0,0.48,0.48,4.36,0,1.45,0,1.45,0,0,1.64209869467365,0.054062197327924
"546",1,0,0,0,0,0,0,0,0,2.58,0,0,0,0,0,0,2.58,0,0,0,0,0,0,0.775187890896155,0.353520625966395
"547",0,0,0,0,0,0,0,0,0,0,0,0,0,0,0,0,1.4,0,0.56,0,0,0,3.37,0.901786045671273,0.10619389917338
"548",0,0,0,0,0,1.41,0.35,0.35,0,0.35,0,0,0,2.12,0.7,0.35,2.12,3.18,2.12,0,0.35,1.41,0,0.189793571632656,0.386612431779483
"549",0,0,0,0,0,0,0,0,0,0,0,0,0,0,0,0,0,0,0,0,0,0,8.33,1.2038727993256,0.0323312907792394
"550",1,0,0,0,0,0,0,0,0,1.07,0,0,0,0,0,0,1.07,0,0,0,0,0,0,0.347835995271528,0.465108833578104
"551",0,0,0,0,1.04,0,0,0,0,1.04,0,0,0,0,1.04,0,3.66,0,2.09,0,0,0,0,1.19936219176825,0.0968627889616519
"552",0,1,0,0.16,0,0.16,0.16,0.08,0.16,0.57,0.24,0,0,0.16,0.24,0.24,3.47,0,2.06,0,0,0.66,0,1.14740245283754,0.243779376476278
"553",1,1,0.22,0,0,0,0.44,0.11,0,0.33,0,0,0,0.56,0,0,1.79,0,1.12,0,0,0.22,0,0.957816478702653,0.467036042598098
"554",0,0,0,0,0,0,1.63,0,0,0,0,0,0,1.63,0,0,3.27,0,3.27,0,0,0,0,0.693147180559945,0.0769617166979414
"555",0,0,0,0,0,0,0,0,0,0,0,0,0,0,0,0,0.39,0,0.39,0,0,0,3.58,0.916290731874155,0.151018270980357
"556",1,1,0,0,0,0,0,0,0,0,0,0,0,0,0,0,1.16,0,2.32,0,0,0,0,0.307484699747961,0.489644816317407
"557",0,0,1.24,0.13,0,0.06,0.32,0,0,0.45,0.26,0,0,0,0.13,0,1.24,0,0.39,0,0.06,0,1.04,0.451712359273484,0.197889236242719
"558",1,0,0,0,0,0,0,0,0,1.12,0,0,0,0,0,0,2.24,0,0.56,0,0,0.56,0,0.804688555292853,0.265980922825786
"559",1,0,0,0,0,0,0,0,0,0,0,0,0,0,0,0,0,0,0,0,0,0,0,0,0.549833997312478
"560",0,0,0.25,0.25,0,0.5,0,0,0,0.56,0.12,0.06,0,0,0.5,0,0.12,0,0,0,0,0,2.06,0.764537176646618,0.312100737179785
"561",0,0,0,0,0,0,0,0,0,0,0,0,0,0,0,0,3.33,0,0,0,0,0,0,0.832909122935104,0.18785274980925
"562",1,1,0.39,0,0,0,0,0.39,0,1.19,0,0.39,0,0,0,0,1.19,0,0,0,0,0,2.77,0.805582609889734,0.426411161608195
"563",0,0,0,0,0,0,1.12,0,0,0,0,0,0,0,0,0,0,0,0,0,0,0,0,1.05605267424931,0.354806655795899
"564",0,0,0,0,0,0,0,0,0,0,0,0,0,0,0,0,0,0,0,0,0,0,0,0.132781111233818,0.541691992511243
"565",0,0,0,0,0,0,0,0,0,0,0,0,0,0,0,0,7.14,0,0,0,0,0,0,0.117783035656383,0.0494867849217794
"566",1,0,0,0,0,0,0,0,0,0,0,0,0,4,0,0,0,0,0,0,0,0,0,1.42383096464862,0.799907914985674
"567",0,0,0,0,0,0,0,0,0,2.12,0,0,0,0,0,0,0,0,2.12,0,0,0,0,0.973426923244964,0.446177763202618
"568",1,0,0.74,0,0,0,0,1.49,0,0,0,0,0,0,0,0,1.49,0,0.74,0,0,0,2.98,0.958200134951365,0.158556301682872
"569",0,0,0,0,0,0,0,0,0,0,0,0,0,0,0,0,0,0,0,0,0,0,6.06,1.01160091167848,0.0793126186827137
"570",0,0,0,0,0,0,0,0,0,0,0,0,0,0,0,0,0,0,0,0,0,0,0,0,0.549833997312478
"571",1,0,0.85,1.02,0.25,0.17,0.59,0.08,0.17,0.59,0.17,0,2.21,0.25,0.08,0.93,1.61,0.17,0.42,0,0.85,0.08,0,2.01276740841184,0.103378562645505
"572",1,0,0,0,0,0,0,0,0,0,0,0,0,0,0,0,0,0,0,0,0,0,0,0,0.549833997312478
"573",1,0,0,0,0,0,0,0,0,0.41,0,0,0,0.41,0,0.82,3.73,0,1.24,0,0,0.41,0,1.15246896145882,0.124075531755175
"574",1,0,0,0,0,0,0,0,0,0,0,0,0,0,0,0,0.42,0,2.11,0,0,0,2.32,1.41342302850814,0.135772219964645
"575",0,0,0,0,0,0,1.61,0,0,0,0,0,0,0,0,0,4.83,0,0,0,0,0,0,0.570414415177648,0.0558591889044612
"576",0,0,0,0,0,0.13,0,0.13,0,1.1,0.13,0,0,0,1.24,0,0,0,0,0,0,0,3.17,0.724645847619316,0.338714003657933
"577",1,0,0,0,0,0,0,0,0,0,0,0,0,0,0,0,0,0,0,0,0,0,0,1.52605630349505,0.455747164389449
"578",0,1,1.52,0.17,0.08,0,0.35,0.17,0,1.43,0,0.08,0,0.53,0.08,0,3.58,0,0.89,0,0.08,0.17,0,1.59147758705711,0.238729021380088
"579",0,0,0,0,0,0,0,0,0,0,0,0,0,0,0,0,0,0,0,0,0,0,0,0.336472236621213,0.529159956959492
"580",0,0,0,0,0,0,0,0,0,0,0,0,0,0,0,0,1.14,0,0,0,0,0,2.29,1.18784342239605,0.182358387043035
"581",0,0,0,0,0,0,0,0,0,0,0,0,0,0,0,0,0,0,0,0,0,0,0,0.559615787935423,0.515389374524326
"582",0,0,0.48,0,0,0.08,0,0,0,0.81,0.08,0,0.08,0,0.81,0,0.65,0,0.4,0,0,0,1.38,0.628608659422374,0.325201936039378
"583",1,0,0,0,0,0,0,0,0,0,0,0,0,0,0,0,0,0,0,0,0,0,0,1.69854708750588,0.445185701815558
"584",0,1,1.93,0,0,0,0,0,0,1.29,0,0,0,1.29,0.64,0,1.93,0,2.58,0,0.64,0,0,0.89199803930511,0.418788296205953
"585",0,1,1.26,0,2.53,1.26,1.26,1.26,1.26,1.26,0,0,0,0,5.06,0,2.53,1.26,3.79,0,0,0,0,4.28358656186063,0.10750012630541
"586",0,0,0.45,0.45,0.45,0,0,0,0,0.45,0,0,0,0,0,0,0.9,0,0,9.04,0,0,0,2.06140485419368,0.0272805757117026
"587",1,0,0.32,0.16,0,0,0.32,0,0,0,0.16,0,0,0,0,0,2.26,0,0.48,0,0,0.16,0,0.529451087889156,0.209814549816207
"588",0,1,0.31,0,0.31,0,0.31,0,0.31,0.31,0,0,0,0,0,0.31,0.63,0,0.63,0,0,0,0,1.26610217579148,0.525123641019504
"589",1,1,0,0,0.9,3.63,0,1.81,0,0.9,0,0,0,0,0.9,0,2.72,0,3.63,0,0,0,0,0,0.292993669533275
"590",0,0,0,0,0,0,0,0,0,0,0,0,0,0,0,0,0,0,0,0,0,0,0,0.142367241286922,0.541103264942353
"591",0,0,0,0,0,1.78,0,0,0,0,0,1.78,0,0,0,0,0,0,0,0,0,0,0,0.367417040470634,0.486391003040925
"592",1,0,0.2,0,0,0,0,0,0,0,0,0,0,0,0,0,0,0,0,0.2,0,0,0,0.950885376638654,0.460067320601711
"593",1,1,0.41,0,0.82,0,0,0,0,0.82,0,0,0,0,0.41,0,2.46,0,1.23,0,0.41,0,0,1.08282160276179,0.33682079778627
"594",0,1,0.47,0,0,0.47,0,1.88,0,2.35,0,0.47,0,0.47,0,0,1.88,0,5.18,0,0,0,0,4.04707823642101,0.307949128669728
"595",1,0,0,0,0,0,0,0,0,0,0,0,0,0,0,0,0,0,0,0,0,0,0,0.132781111233818,0.541691992511243
"596",1,0,0.68,0,0,0,0,0,0,0,0,0,0,0,0,0,0,0,0,0,0,0,0,0.578858034157818,0.457584139641053
"597",0,0,0.31,0,0,0.1,0,0,0,0.63,0.21,0,0,0,0.53,0,0,0,0,0,0,0,3.82,0.79795754491229,0.205680814236363
"598",0,0,0,0,0,0,0,0,0,0,0,4.76,0,4.76,0,0,4.76,0,2.38,0,0,0,0,0.864997437486605,0.390087627261532
"599",0,1,0,0,0,0,0,0,0,0.34,0,0,0,1.04,0,0,4.52,0.34,0,0,0,0,0,0.674473915294324,0.39358670072468
"600",1,0,0.36,0,0,0,0,0,0,0.72,0,0,0,0,0,0,1.08,0,0,0,0,0,0,0.346422567474381,0.417224296091031
"601",0,0,0.81,0,0,0,0,0,0,0,0,0,0,0,0,0,0.81,0,1.63,0,0,0,0,1.35351287159551,0.22764708862855
"602",0,0,0,0,4,0,0,0,0,0,0,0,0,0,0,0,0,0,0,0,0,0,0,2.09997919289738,0.136258061148715
"603",0,0,0.19,0,0,0.19,0.19,0.19,0,0.19,0.19,0,0,0.76,0,0,0.95,0,1.14,0,0,0,0,1.39945734764617,0.346395561763399
"604",1,0,0,0,0,0,0,0,0,0,0,0,0,0,0,0,0,0,0,0,0,0,0,0.587786664902119,0.513648802335113
"605",0,0,0,0,0,0,0,0,0,0,0,0,0,0,0,0,2.56,0,0,0,0,0,0,1.2038727993256,0.228174579110534
"606",0,0,0,0,0,0,0,0,1.23,1.23,0,0,0,0,0,0,2.46,0,0,0,0,0,0,0.305276380852732,0.326482715753456
"607",0,0,0,0,0,0,0,0,0,0.27,0,0,0,0,0,0,3.29,0,0,0,0,0,0,0.556754555654391,0.210150766733745
"608",1,0,0,0,1.23,0,0,0,0,0,0,0,0,1.23,0,0,0,0,0,0,0,0,0,0.321358598811165,0.530904889079584
"609",1,1,0.49,0.19,0,0,0.09,0.39,0,1.57,0.19,0,0,0,0.09,0,3.74,0.09,1.08,0,0,0.09,0,1.78238230741546,0.296624930752696
"610",0,0,0,0,0,0,0,0,0,0,0,0,0,0,0,0,0,0,0,0,0,0,0,0,0.549833997312478
"611",0,0,0,0,0,0,0,0,0,0,0.31,0,0,0,0,0,1.24,0,0,0,0,0,0,0.342880232916543,0.405521368158279
"612",1,0,0.07,0.03,0,0.03,0,0.1,0,0.53,0,0,0,0.17,0.03,0,0.81,0.03,1.35,0,0.1,0.17,0,0.746687947487975,0.364779879489052
"613",0,0,0.71,0,0,0,0,0,0,0,0,0,0,0,3.57,0,0,0,1.42,0,0,0,0,2.73000736845425,0.433924362777714
"614",0,0,0,0,0,0,0,0,0,0.85,0,0,0,4.27,0,0,3.41,0,4.27,0,0,5.98,0,1.6094379124341,0.1023403905236
"615",0,0,0.2,0,0,0,0,0,0,0.6,0.06,0,0,0.13,0,0,0.73,0.06,0.73,0,0,0,1.6,0.726581956646183,0.265059004371419
"616",1,0,0.08,0.02,0,0.08,0,0.06,0.02,0.5,0.06,0,0.02,0.02,0.14,0.12,0.25,0,0.19,0,0.04,0,0,0.887891257352457,0.484587316216031
"617",0,0,1.57,0.36,0.06,0.06,0.06,0.12,0.06,0.54,0.3,0.06,0,0,0.72,0.06,4.49,0.24,1.09,0,0.85,0.06,0,0.553885113226438,0.0831452582050651
"618",0,0,0,1.27,0,0.63,0,0,0,0,0,0,0,0,0,0,3.82,0,0.63,0,0,0,0,0.650239679548669,0.122882497418764
"619",1,0,0,0,0,0,0,0,0,0,0,0,0,0,0,0,0,0,0,0,0,0,0,0.693147180559945,0.507136380251162
"620",0,0,0,0,0,0,0,0,0,0,0,0,0,0,0,0,0,0,0,0,0,0,20,1.64865862558738,0.000293439796232871
"621",0,0,0,0,0,0,0,0,0,0,0,0,0,0,0,0,4.5,0,0,0,0,0,0,0.200488860749404,0.13945042751968
"622",0,0,0.6,0.3,0.4,0.1,1.42,0.81,0.1,0.5,0,0,0,0.1,0,1.01,2.23,0.5,2.03,0,0,0.3,0,1.15246896145882,0.0952231603571822
"623",0,0,0,0,0,0,0,0,0,0,0,0,0,0,0,0,1.43,0,0,0,0,0,0,0.205386829724951,0.382981732086921
"624",0,0,0,0,0,0,0,0,0,0,0,0,0,0,0,0,0,0,0,0,0,0,4.65,1.19755223652301,0.125762794158279
"625",1,0,0,0,0,0,0,0,0,0,0,0,0,0,0,0,0,0,0.24,0,0,0,1.93,0.869618323675724,0.299862565414243
